datetime,pm25,pm10,co,no2,o3,so2,aqi,day_of_week,month,is_weekend,pm25_lag1,pm25_lag2,pm25_lag3,pm25_lag7,pm25_lag14,pm25_roll3,pm25_roll7,pm25_change_rate
2025-01-15,180.7136,240.5252,2805.9376,69.11319999999999,58.0924,25.4304,238.44,2,1,0,147.88083333333333,132.22,131.9384,267.468,158.5625,137.3464111111111,208.0818023809524,32.832766666666686
2025-01-16,276.78,354.8372,3654.5571999999997,104.3944,72.262,42.992,314.84,3,1,0,180.7136,147.88083333333333,132.22,332.23080000000004,353.5936,153.6048111111111,195.68831666666668,96.06639999999996
2025-01-17,102.206,154.4676,1271.5908,30.7556,101.33760000000001,27.7568,171.96,4,1,0,276.78,180.7136,147.88083333333333,238.4,209.42680000000001,201.79147777777777,187.7667738095238,-174.57399999999996
2025-01-18,105.81360000000001,152.2388,1232.0711999999999,30.7556,104.19760000000001,27.6748,176.92,5,1,1,102.206,276.78,180.7136,206.43458333333334,47.46,186.56653333333335,168.31048809523807,3.607600000000005
2025-01-19,158.7276,208.6248,2150.6508000000003,61.211999999999996,84.1216,30.9652,214.88,6,1,1,105.81360000000001,102.206,276.78,131.9384,133.1352,161.59986666666666,153.93606190476189,52.91399999999999
2025-01-20,285.04240000000004,349.18519999999995,4038.5440000000003,103.1548,63.233999999999995,37.9744,310.48,0,1,0,158.7276,105.81360000000001,102.206,132.22,118.2008,122.24906666666668,157.76309047619048,126.31480000000005
2025-01-21,293.4996,347.9672,3459.6244,90.8092,106.90960000000001,31.4328,317.52,1,1,0,285.04240000000004,158.7276,105.81360000000001,147.88083333333333,133.5524,183.19453333333334,179.59486190476193,8.457199999999943
2025-01-22,112.22040000000001,148.19799999999998,2242.508,64.0488,57.6008,18.2276,178.72,2,1,0,293.4996,285.04240000000004,158.7276,180.7136,267.468,245.75653333333335,200.39754285714284,-181.27919999999997
2025-01-23,96.7948,131.5256,1988.8304,53.9176,66.8956,27.0752,166.6,3,1,0,112.22040000000001,293.4996,285.04240000000004,276.78,332.23080000000004,230.25413333333336,190.61280000000002,-15.425600000000017
2025-01-24,83.4436,116.264,1901.2448000000002,51.8888,81.3968,31.695999999999998,156.36,4,1,0,96.7948,112.22040000000001,293.4996,102.206,238.4,167.50493333333333,164.90062857142857,-13.351199999999992
2025-01-25,165.7328,216.838,3557.8920000000003,85.9428,55.007200000000005,30.9276,221.96,5,1,1,83.4436,96.7948,112.22040000000001,105.81360000000001,206.43458333333334,97.48626666666667,162.22028571428572,82.2892
2025-01-26,206.0032,264.07239999999996,3157.8828,89.2744,92.85079999999999,26.322,260.44,6,1,1,165.7328,83.4436,96.7948,158.7276,131.9384,115.32373333333332,170.78017142857146,40.270399999999995
2025-01-27,308.586,383.79,4675.1416,118.74799999999999,69.28399999999999,30.3312,317.12,0,1,0,206.0032,165.7328,83.4436,285.04240000000004,132.22,151.72653333333332,177.53382857142856,102.58280000000002
2025-01-28,137.0628,196.77439999999999,2208.5951999999997,61.474799999999995,53.778,19.7408,203.08,1,1,0,308.586,206.0032,165.7328,293.4996,147.88083333333333,226.77399999999997,180.89719999999997,-171.5232
2025-01-29,57.7016,124.5228,913.2388000000001,26.088,68.9724,8.0968,138.36,2,1,0,137.0628,308.586,206.0032,112.22040000000001,180.7136,217.2173333333333,158.54908571428572,-79.36120000000001
2025-01-30,96.06360000000001,162.3988,1645.4308,39.6128,85.5344,20.242,157.96,3,1,0,57.7016,137.0628,308.586,96.7948,276.78,167.78346666666667,150.76068571428573,38.36200000000001
2025-01-31,32.025999999999996,75.1408,696.1424000000001,21.653200000000002,84.228,18.1984,125.64,4,1,0,96.06360000000001,57.7016,137.0628,83.4436,102.206,96.94266666666665,150.65622857142856,-64.03760000000001
2025-02-01,126.63,189.22439999999997,2263.8696,70.0128,74.83,34.6516,192.4,5,2,1,32.025999999999996,96.06360000000001,57.7016,165.7328,105.81360000000001,61.930399999999985,143.31085714285715,94.604
2025-02-02,81.9028,123.0952,1424.332,37.357200000000006,97.2332,27.436799999999998,164.56,6,2,1,126.63,32.025999999999996,96.06360000000001,206.0032,158.7276,84.90653333333331,137.72474285714284,-44.727199999999996
2025-02-03,78.1052,114.8256,1259.4424000000001,31.6948,111.8088,20.8636,148.36,0,2,0,81.9028,126.63,32.025999999999996,308.586,285.04240000000004,80.18626666666665,119.99611428571428,-3.7976000000000028
2025-02-04,35.916399999999996,69.3176,894.2792,28.812800000000003,95.05760000000001,9.242,98.76,1,2,0,78.1052,81.9028,126.63,137.0628,293.4996,95.54599999999998,87.0702857142857,-42.1888
2025-02-05,215.92520000000002,282.8812,4004.8979999999997,114.7864,50.1888,38.6896,286.68,2,2,0,35.916399999999996,78.1052,81.9028,57.7016,112.22040000000001,65.30813333333332,72.6208,180.0088
2025-02-06,105.3732,169.3048,2075.8832,60.1896,80.222,46.3384,182.6,3,2,0,215.92520000000002,35.916399999999996,78.1052,96.06360000000001,96.7948,109.98226666666665,95.22417142857144,-110.55200000000002
2025-02-07,89.28559999999999,151.7752,1582.6804000000002,49.195600000000006,94.8424,38.032,165.04,4,2,0,105.3732,215.92520000000002,35.916399999999996,32.025999999999996,83.4436,119.07159999999999,96.55411428571429,-16.08760000000001
2025-02-08,194.5652,265.948,2740.7832,87.9712,83.38040000000001,30.8604,248.4,5,2,1,89.28559999999999,105.3732,215.92520000000002,126.63,165.7328,136.8613333333333,104.73405714285714,105.27960000000002
2025-02-09,214.8184,259.286,2843.5888,84.2484,115.014,22.2308,261.48,6,2,1,194.5652,89.28559999999999,105.3732,81.9028,206.0032,129.7413333333333,114.43908571428571,20.253199999999993
2025-02-10,88.8988,115.9756,964.9083999999999,25.5052,106.18719999999999,8.1968,166.08,0,2,0,214.8184,194.5652,89.28559999999999,78.1052,308.586,166.22306666666665,133.42702857142856,-125.9196
2025-02-11,53.8912,102.978,976.1244,32.1952,66.6044,9.187999999999999,129.6,1,2,0,88.8988,214.8184,194.5652,35.916399999999996,137.0628,166.0941333333333,134.96897142857145,-35.0076
2025-02-12,355.5352,460.9632,5361.938,155.32399999999998,71.2684,35.7052,367.96,2,2,0,53.8912,88.8988,214.8184,215.92520000000002,57.7016,119.20279999999997,137.5368,301.644
2025-02-13,288.5556,376.8416,3693.8091999999997,93.5756,131.1532,36.882400000000004,315.2,3,2,0,355.5352,53.8912,88.8988,105.3732,96.06360000000001,166.10839999999996,157.4810857142857,-66.97959999999995
2025-02-14,41.2384,92.1568,703.0856,21.6536,80.62519999999999,6.6068,112.36,4,2,0,288.5556,355.5352,53.8912,89.28559999999999,32.025999999999996,232.66066666666666,183.65,-247.3172
2025-02-15,33.0272,78.5912,488.5288,12.849200000000002,78.7636,4.3136,95.68,5,2,1,41.2384,288.5556,355.5352,194.5652,126.63,228.44306666666662,176.7861142857143,-8.211199999999998
2025-02-16,30.2792,62.8292,545.4055999999999,14.4116,74.5872,4.9748,90.2,6,2,1,33.0272,41.2384,288.5556,214.8184,81.9028,120.9404,153.70925714285713,-2.748000000000001
2025-02-17,253.4068,322.0132,3685.5316000000003,102.8864,102.3892,26.9508,265.52,0,2,0,30.2792,33.0272,41.2384,88.8988,78.1052,34.848266666666646,127.34651428571429,223.1276
2025-02-18,39.816,73.3516,1063.576,29.9504,49.2312,9.412799999999999,100.92,1,2,0,253.4068,30.2792,33.0272,53.8912,35.916399999999996,105.57106666666664,150.84765714285714,-213.5908
2025-02-19,29.165599999999998,55.6444,469.17040000000003,10.5248,71.3252,4.79,87.12,2,2,0,39.816,253.4068,30.2792,355.5352,215.92520000000002,107.83399999999999,148.8369142857143,-10.650400000000005
2025-02-20,106.89,159.8064,2274.2844,68.72359999999999,75.2436,19.921200000000002,175.0,3,2,0,29.165599999999998,39.816,253.4068,288.5556,105.3732,107.46279999999997,102.21268571428573,77.7244
2025-02-21,290.4088,384.6596,5599.5948,182.7964,22.393199999999997,44.16439999999999,310.08,4,2,0,106.89,29.165599999999998,39.816,41.2384,89.28559999999999,58.62386666666665,76.26045714285715,183.5188
2025-02-22,186.64520000000002,245.15560000000002,2284.6996,66.4412,122.93800000000002,26.3448,241.08,5,2,1,290.4088,106.89,29.165599999999998,33.0272,194.5652,142.1548,111.85622857142857,-103.76359999999997
2025-02-23,108.8832,136.99280000000002,1353.0344,36.5352,72.47319999999999,11.1872,173.6,6,2,1,186.64520000000002,290.4088,106.89,30.2792,214.8184,194.648,133.80165714285712,-77.76200000000001
2025-02-24,115.16720000000001,147.4776,2384.5679999999998,62.542,22.8596,23.913600000000002,185.56,0,2,0,108.8832,186.64520000000002,290.4088,253.4068,88.8988,195.3124,145.0308,6.284000000000006
2025-02-25,232.7664,282.5816,3899.6884000000005,109.0692,58.5824,26.2404,252.24,1,2,0,115.16720000000001,108.8832,186.64520000000002,39.816,53.8912,136.8985333333333,125.28228571428572,117.5992
2025-02-26,75.13159999999999,98.30120000000001,1842.2312,40.162,22.156,15.026,149.92,2,2,0,232.7664,115.16720000000001,108.8832,29.165599999999998,355.5352,152.27226666666664,152.84662857142857,-157.6348
2025-02-27,23.125999999999998,48.1108,540.7336,15.683600000000002,52.513999999999996,6.2696000000000005,74.32,3,2,0,75.13159999999999,232.7664,115.16720000000001,106.89,288.5556,141.0217333333333,159.4132,-52.005599999999994
2025-02-28,18.8704,56.071999999999996,386.2572,8.212,101.682,3.2592000000000003,65.16,4,2,0,23.125999999999998,75.13159999999999,232.7664,290.4088,41.2384,110.3413333333333,147.44691428571429,-4.255599999999998
2025-03-01,24.9496,64.5796,449.14160000000004,11.0,108.43360000000001,4.3292,78.16,5,3,1,18.8704,23.125999999999998,75.13159999999999,186.64520000000002,33.0272,39.04266666666663,108.6557142857143,6.0792
2025-03-02,58.516400000000004,101.07879999999999,1121.7872,32.916,99.43520000000001,14.134,115.2,6,3,1,24.9496,18.8704,23.125999999999998,108.8832,30.2792,22.315333333333303,85.55634285714284,33.5668
2025-03-03,41.8656,132.736,500.94559999999996,13.196,97.9048,6.4184,132.8,0,3,0,58.516400000000004,24.9496,18.8704,115.16720000000001,253.4068,34.112133333333304,78.3610857142857,-16.650800000000004
2025-03-04,91.8548,138.79319999999998,2363.2039999999997,81.7732,81.1824,33.064,162.16,1,3,0,41.8656,58.516400000000004,24.9496,232.7664,39.816,41.77719999999997,67.88942857142857,49.9892
2025-03-05,29.27,54.33,694.27,16.11,94.41,17.64,87.0,2,3,0,91.8548,41.8656,58.516400000000004,75.13159999999999,29.165599999999998,64.0789333333333,47.759199999999986,-62.5848
2025-03-07,189.03521739130431,246.8778260869565,3651.6191304347826,104.07217391304347,80.06217391304348,22.855217391304347,218.34782608695653,4,3,0,29.27,91.8548,41.8656,23.125999999999998,106.89,54.3301333333333,41.207542857142855,159.7652173913043
2025-03-08,44.0696,83.4408,965.0419999999999,28.972800000000003,72.7988,11.71,126.76,5,3,1,189.03521739130431,29.27,91.8548,18.8704,290.4088,103.38667246376808,64.90885962732918,-144.9656173913043
2025-03-09,164.93720000000002,212.2024,2494.5832,72.0544,123.22120000000001,19.6672,219.4,6,3,1,44.0696,189.03521739130431,29.27,24.9496,186.64520000000002,87.45827246376808,68.5087453416149,120.86760000000001
2025-03-10,61.1696,95.0864,1612.32,47.474799999999995,38.2152,12.326400000000001,136.52,0,3,0,164.93720000000002,44.0696,189.03521739130431,58.516400000000004,108.8832,132.6806724637681,88.50697391304347,-103.76760000000002
2025-03-11,141.7308,182.1144,2858.276,80.7116,63.722,18.0584,190.04,1,3,0,61.1696,164.93720000000002,44.0696,41.8656,115.16720000000001,90.05879999999998,88.88600248447203,80.56119999999999
2025-03-12,31.2604,59.7236,688.1328,19.922,58.665200000000006,6.013999999999999,91.96,2,3,0,141.7308,61.1696,164.93720000000002,91.8548,232.7664,122.61253333333332,103.1524596273292,-110.47039999999998
2025-03-13,28.575599999999998,62.392799999999994,516.0328,13.0984,77.33279999999999,4.6552,85.6,3,3,0,31.2604,141.7308,61.1696,29.27,75.13159999999999,78.05359999999997,94.49611677018632,-2.6848000000000027
2025-03-14,25.218000000000004,67.70479999999999,465.1632,10.956,86.66,3.636,78.6,4,3,0,28.575599999999998,31.2604,141.7308,189.03521739130431,23.125999999999998,67.1889333333333,94.39691677018632,-3.3575999999999944
2025-03-15,36.028,85.4636,761.2991999999999,21.2344,111.12360000000001,10.3564,97.92,5,3,1,25.218000000000004,28.575599999999998,31.2604,44.0696,18.8704,28.351333333333304,70.99445714285714,10.809999999999995
2025-03-16,48.653999999999996,121.618,879.4592,26.241999999999997,99.3208,10.964,120.88,6,3,1,36.028,25.218000000000004,28.575599999999998,164.93720000000002,24.9496,29.940533333333303,69.84565714285715,12.625999999999998
2025-03-17,62.086000000000006,129.16559999999998,1307.64,40.0792,74.5224,11.1084,132.08,0,3,0,48.653999999999996,36.028,25.218000000000004,61.1696,58.516400000000004,36.633333333333304,53.23377142857142,13.43200000000001
2025-03-18,43.834399999999995,84.6692,1070.7852,30.636,70.55279999999999,8.8836,98.64,1,3,0,62.086000000000006,48.653999999999996,36.028,141.7308,41.8656,48.922666666666636,53.364685714285706,-18.25160000000001
2025-03-19,19.8552,52.0252,437.12559999999996,11.956,81.168,4.8392,67.24,2,3,0,43.834399999999995,62.086000000000006,48.653999999999996,31.2604,91.8548,51.52479999999997,39.37948571428571,-23.979199999999995
2025-03-20,25.788,57.8604,545.8063999999999,16.114,82.712,6.2852,79.8,3,3,0,19.8552,43.834399999999995,62.086000000000006,28.575599999999998,29.27,41.925199999999975,37.75017142857142,5.9328
2025-03-21,99.8808,145.8396,1929.6832000000002,58.1448,91.9956,14.4836,178.52,4,3,0,25.788,19.8552,43.834399999999995,25.218000000000004,189.03521739130431,29.825866666666638,37.351942857142845,74.0928
2025-03-22,23.2344,52.7612,547.9428,16.0272,86.83200000000001,4.8648,74.56,5,3,1,99.8808,25.788,19.8552,36.028,44.0696,48.507999999999974,48.01805714285713,-76.6464
2025-03-23,24.167599999999997,52.861999999999995,514.564,14.558,87.94760000000001,5.1908,76.36,6,3,1,23.2344,99.8808,25.788,48.653999999999996,164.93720000000002,49.63439999999997,46.19039999999999,0.9331999999999958
2025-03-24,23.8848,44.4912,495.6064,13.7336,89.9216,5.7172,75.72,0,3,0,24.167599999999997,23.2344,99.8808,62.086000000000006,61.1696,49.094266666666634,42.69234285714284,-0.28279999999999816
2025-03-25,26.0636,55.106,391.598,8.7088,84.6576,4.1983999999999995,80.28,1,3,0,23.8848,24.167599999999997,23.2344,43.834399999999995,141.7308,23.762266666666637,37.235028571428565,2.1788000000000025
2025-03-26,27.25,66.23,290.39,3.9,97.27,3.52,83.0,2,3,0,26.0636,23.8848,24.167599999999997,19.8552,31.2604,24.705333333333304,34.69634285714285,1.186399999999999
2025-03-27,24.758695652173916,64.29,697.0313043478261,23.041304347826088,119.72652173913043,12.871304347826088,78.21739130434783,3,3,0,27.25,26.0636,23.8848,25.788,28.575599999999998,25.732799999999973,35.75274285714285,-2.491304347826084
2025-03-28,81.2116,110.7604,2015.2676000000001,70.904,102.0388,26.8412,148.44,4,3,0,24.758695652173916,27.25,26.0636,99.8808,25.218000000000004,26.024098550724613,35.60569937888198,56.45290434782609
2025-03-29,120.5668,166.41400000000002,1828.3464,54.0312,158.42960000000002,28.3196,190.56,5,3,1,81.2116,24.758695652173916,27.25,23.2344,36.028,44.406765217391275,32.93867080745341,39.355199999999996
2025-03-30,52.51,76.17,580.79,12.85,121.59,9.54,143.0,6,3,1,120.5668,81.2116,24.758695652173916,24.167599999999997,48.653999999999996,75.51236521739128,46.84329937888198,-68.05680000000001
2025-04-04,125.94217391304348,173.56565217391307,1863.106956521739,55.15304347826087,167.4791304347826,28.91608695652174,193.82608695652175,4,4,0,52.51,120.5668,81.2116,23.8848,62.086000000000006,84.76279999999997,50.89221366459627,73.43217391304347
2025-04-05,52.51,76.17,580.79,12.85,121.59,9.54,143.0,5,4,1,125.94217391304348,52.51,120.5668,26.0636,43.834399999999995,99.6729913043478,65.47183850931677,-73.43217391304347
2025-04-06,16.633478260869566,45.509565217391305,110.8691304347826,0.07695652173913044,94.9104347826087,0.3808695652173913,60.56521739130435,6,4,1,52.51,125.94217391304348,52.51,27.25,19.8552,76.9873913043478,69.24989565217392,-35.87652173913043
2025-04-07,18.5184,51.3536,109.80120000000001,0.08040000000000001,72.54,0.3736,64.36,0,4,0,16.633478260869566,52.51,125.94217391304348,24.758695652173916,25.788,65.02855072463765,67.733249689441,1.8849217391304336
2025-04-08,20.8064,71.8428,111.6576,0.0872,61.188,0.2924,69.36,1,4,0,18.5184,16.633478260869566,52.51,81.2116,99.8808,29.220626086956496,66.84177888198757,2.2880000000000003
2025-04-09,15.1396,54.3808,109.90799999999999,0.0692,64.9112,0.2164,57.36,2,4,0,20.8064,18.5184,16.633478260869566,120.5668,23.2344,18.652759420289826,58.21246459627328,-5.6668
2025-04-10,19.5852,69.24,121.3936,0.0692,66.94760000000001,0.2768,66.72,3,4,0,15.1396,20.8064,18.5184,52.51,24.167599999999997,18.15479999999997,43.15143602484471,4.445600000000001
2025-04-11,30.1804,107.8484,128.5612,0.08800000000000001,75.1704,0.5036,89.6,4,4,0,19.5852,15.1396,20.8064,125.94217391304348,23.8848,18.510399999999972,38.44789316770186,10.595199999999998
2025-04-12,27.0688,86.0996,125.098,0.0888,70.972,0.4576,82.6,5,4,1,30.1804,19.5852,15.1396,52.51,26.0636,21.635066666666642,24.767639751552785,-3.1115999999999993
2025-04-13,25.406799999999997,69.9648,123.3536,0.0756,61.7496,0.3028,79.0,6,4,1,27.0688,30.1804,19.5852,16.633478260869566,27.25,25.61146666666664,21.133182608695645,-1.6620000000000026
2025-04-14,19.4312,52.802,127.0932,0.07400000000000001,58.595200000000006,0.3152,66.4,0,4,0,25.406799999999997,27.0688,30.1804,18.5184,24.758695652173916,27.551999999999968,22.386514285714277,-5.9755999999999965
2025-04-15,14.2328,59.9084,116.6,0.0836,51.5576,0.3408,55.48,1,4,0,19.4312,25.406799999999997,27.0688,20.8064,81.2116,23.968933333333307,22.516914285714275,-5.198400000000001
2025-04-16,11.6744,53.2924,106.5848,0.084,49.5908,0.3488,48.4,2,4,0,14.2328,19.4312,25.406799999999997,15.1396,120.5668,19.690266666666638,21.57782857142856,-2.558399999999999
2025-04-17,12.743599999999999,59.413999999999994,105.74799999999999,0.0912,51.0784,0.4096,105.6,3,4,0,11.6744,14.2328,19.4312,19.5852,52.51,15.112799999999973,21.08279999999999,1.0691999999999986
2025-04-18,14.040799999999999,72.66159999999999,105.7076,0.1048,53.9912,0.5412,72.68,4,4,0,12.743599999999999,11.6744,14.2328,30.1804,125.94217391304348,12.883599999999971,20.105428571428565,1.2972000000000001
2025-04-19,19.16,95.34,108.44,0.14,72.1,0.84,66.0,5,4,1,14.040799999999999,12.743599999999999,11.6744,27.0688,52.51,12.819599999999971,17.79977142857142,5.119200000000001
2025-04-20,48.82695652173913,209.88304347826087,142.66652173913045,0.10304347826086957,99.01173913043478,0.3965217391304348,133.7391304347826,6,4,1,19.16,14.040799999999999,12.743599999999999,25.406799999999997,16.633478260869566,15.314799999999972,16.66994285714285,29.666956521739127
2025-04-21,39.4284,164.99919999999997,129.2168,0.0696,92.03,0.2416,110.68,0,4,0,48.82695652173913,19.16,14.040799999999999,19.4312,18.5184,27.342585507246344,20.01567950310558,-9.398556521739124
2025-04-22,31.688000000000002,116.85960000000001,125.24,0.06280000000000001,88.09960000000001,0.2332,92.52,1,4,0,39.4284,48.82695652173913,19.16,14.2328,20.8064,35.80511884057969,22.87242236024844,-7.740400000000001
2025-04-23,32.6248,112.8,126.6488,0.0676,89.8824,0.344,110.36,2,4,0,31.688000000000002,39.4284,48.82695652173913,11.6744,15.1396,39.98111884057968,25.366022360248444,0.9367999999999981
2025-04-24,31.2824,94.1576,124.36200000000001,0.08120000000000001,82.33,0.4044,91.4,3,4,0,32.6248,31.688000000000002,39.4284,12.743599999999999,19.5852,34.580399999999976,28.358936645962725,-1.3424000000000014
2025-04-25,37.552,135.4728,112.89959999999999,0.09480000000000001,59.8536,0.37920000000000004,106.04,4,4,0,31.2824,32.6248,31.688000000000002,14.040799999999999,30.1804,31.86506666666664,31.007336645962727,6.2696000000000005
2025-04-26,40.8624,143.972,112.42399999999999,0.096,68.2684,0.402,114.2,5,4,1,37.552,31.2824,32.6248,19.16,27.0688,33.81973333333331,34.36607950310558,3.3104000000000013
2025-04-27,39.5516,134.19,106.9776,0.0924,67.454,0.2768,110.96,6,4,1,40.8624,37.552,31.2824,48.82695652173913,25.406799999999997,36.565599999999975,37.46642236024844,-1.3108000000000004
2025-04-28,33.9972,89.4284,103.52799999999999,0.0932,78.52,0.366,98.32,0,4,0,39.5516,40.8624,37.552,39.4284,19.4312,39.321999999999974,36.14137142857142,-5.554400000000001
2025-04-29,25.5532,57.1296,105.052,0.09040000000000001,73.1124,0.3264,79.28,1,4,0,33.9972,39.5516,40.8624,31.688000000000002,14.2328,38.13706666666664,35.365485714285704,-8.443999999999999
2025-04-30,25.6796,54.428000000000004,104.8692,0.0828,73.1572,0.3076,79.48,2,4,0,25.5532,33.9972,39.5516,32.6248,11.6744,33.03399999999997,34.48908571428571,0.1264000000000003
2025-05-01,20.8556,47.762,104.6048,0.0776,64.3268,0.358,69.36,3,5,0,25.6796,25.5532,33.9972,31.2824,12.743599999999999,28.40999999999997,33.496914285714276,-4.824000000000002
2025-05-02,17.3356,49.828,106.0776,0.0756,58.5124,0.3724,60.92,4,5,0,20.8556,25.6796,25.5532,37.552,14.040799999999999,24.02946666666664,32.007371428571425,-3.5199999999999996
2025-05-03,20.4696,66.8796,107.33760000000001,0.09359999999999999,63.8228,0.42560000000000003,68.6,5,5,1,17.3356,20.8556,25.6796,40.8624,19.16,21.29026666666664,29.119314285714275,3.1340000000000003
2025-05-04,23.130399999999998,73.8184,123.2844,0.1056,64.13600000000001,0.4172,74.2,6,5,1,20.4696,17.3356,20.8556,39.5516,48.82695652173913,19.553599999999975,26.206057142857134,2.6607999999999983
2025-05-05,23.1944,85.4356,121.57440000000001,0.1092,54.976400000000005,0.40240000000000004,74.28,0,5,0,23.130399999999998,20.4696,17.3356,33.9972,39.4284,20.311866666666642,23.860171428571423,0.06400000000000361
2025-05-06,16.3596,82.6176,112.818,0.08960000000000001,50.2288,0.33,59.92,1,5,0,23.1944,23.130399999999998,20.4696,25.5532,31.688000000000002,22.264799999999976,22.31691428571428,-6.834800000000001
2025-05-07,13.118,72.126,108.6028,0.078,42.976400000000005,0.2812,52.04,2,5,0,16.3596,23.1944,23.130399999999998,25.6796,32.6248,20.894799999999975,21.00354285714285,-3.2416
2025-05-08,17.6024,96.4608,96.834,0.0576,44.7976,0.1984,62.6,3,5,0,13.118,16.3596,23.1944,20.8556,31.2824,17.557333333333307,19.209028571428565,4.484399999999999
2025-05-09,18.274,84.79360000000001,98.242,0.0444,48.586000000000006,0.1252,64.08,4,5,0,17.6024,13.118,16.3596,17.3356,37.552,15.693333333333308,18.744285714285706,0.6716000000000015
2025-05-10,80.6656,328.37080000000003,99.62280000000001,0.039599999999999996,50.6444,0.11120000000000001,151.68,5,5,1,18.274,17.6024,13.118,20.4696,40.8624,16.331466666666643,18.87834285714285,62.3916
2025-05-11,111.936,279.85,105.402,0.0416,67.5156,0.1744,180.04,6,5,1,80.6656,18.274,17.6024,23.130399999999998,39.5516,38.8473333333333,27.477771428571423,31.27040000000001
2025-05-12,67.3592,202.2688,113.5852,0.0584,73.462,0.3652,150.4,0,5,0,111.936,80.6656,18.274,23.1944,33.9972,70.29186666666665,40.164285714285704,-44.576800000000006
2025-05-13,41.6588,148.8456,98.5396,0.07,64.4156,0.4288,116.28,1,5,0,67.3592,111.936,80.6656,16.3596,25.5532,86.65359999999998,46.47354285714285,-25.700400000000002
2025-05-14,29.336799999999997,108.9628,91.04440000000001,0.0876,56.1,0.4164,87.24,2,5,0,41.6588,67.3592,111.936,13.118,25.6796,73.65133333333331,50.087714285714284,-12.322000000000003
2025-05-15,20.7444,86.8228,86.5712,0.1012,54.052,0.44799999999999995,69.16,3,5,0,29.336799999999997,41.6588,67.3592,17.6024,20.8556,46.11826666666664,52.40468571428571,-8.592399999999998
2025-05-16,19.414,81.91760000000001,85.0748,0.09720000000000001,53.0656,0.4656,66.36,4,5,0,20.7444,29.336799999999997,41.6588,18.274,17.3356,30.579999999999973,52.85354285714284,-1.3303999999999974
2025-05-17,14.4968,72.1416,80.43440000000001,0.07919999999999999,44.826,0.37799999999999995,56.04,5,5,1,19.414,20.7444,29.336799999999997,80.6656,20.4696,23.165066666666643,53.01639999999999,-4.917200000000001
2025-05-18,12.4312,62.2312,78.91159999999999,0.0556,43.2772,0.2316,50.44,6,5,1,14.4968,19.414,20.7444,111.936,23.130399999999998,18.218399999999978,43.563714285714276,-2.0656
2025-05-19,6.6284,32.5824,80.5688,0.044800000000000006,44.002399999999994,0.14200000000000002,27.76,0,5,0,12.4312,14.4968,19.414,67.3592,23.1944,15.44733333333331,29.348742857142845,-5.8028
2025-05-20,6.7916,26.3512,86.7308,0.0444,46.623599999999996,0.14,28.28,1,5,0,6.6284,12.4312,14.4968,41.6588,16.3596,11.185466666666644,20.672914285714278,0.1631999999999998
2025-05-21,4.6992,17.3724,85.6684,0.048,44.3172,0.14,19.64,2,5,0,6.7916,6.6284,12.4312,29.336799999999997,13.118,8.617066666666643,15.691885714285704,-2.0923999999999996
2025-05-22,11.039200000000001,35.9416,98.4376,0.0516,45.842,0.1588,62.64,3,5,0,4.6992,6.7916,6.6284,20.7444,17.6024,6.039733333333309,12.172228571428562,6.340000000000001
2025-05-23,11.1104,56.9036,93.15440000000001,0.0512,44.4832,0.2132,64.36,4,5,0,11.039200000000001,4.6992,6.7916,19.414,18.274,7.509999999999977,10.785771428571419,0.07119999999999926
2025-05-24,14.8384,66.4088,90.184,0.053200000000000004,48.997600000000006,0.24559999999999998,56.76,5,5,1,11.1104,11.039200000000001,4.6992,14.4968,80.6656,8.949599999999977,9.599542857142847,3.7279999999999998
2025-05-25,17.619600000000002,64.8652,89.0072,0.057999999999999996,48.796400000000006,0.2784,62.56,6,5,1,14.8384,11.1104,11.039200000000001,12.4312,111.936,12.32933333333331,9.648342857142847,2.781200000000002
2025-05-26,22.331599999999998,77.89479999999999,92.1964,0.055200000000000006,49.7796,0.2664,72.52,0,5,0,17.619600000000002,14.8384,11.1104,6.6284,67.3592,14.522799999999975,10.389542857142846,4.711999999999996
2025-05-27,26.2172,98.586,88.14920000000001,0.0672,48.2444,0.3408,80.72,1,5,0,22.331599999999998,17.619600000000002,14.8384,6.7916,41.6588,18.263199999999976,12.632857142857132,3.8856
2025-05-28,30.668000000000003,116.9096,86.6044,0.0868,51.032,0.41159999999999997,90.08,2,5,0,26.2172,22.331599999999998,17.619600000000002,4.6992,29.336799999999997,22.05613333333331,15.407942857142846,4.4508000000000045
2025-05-29,36.124,141.2288,86.8216,0.0892,58.2808,0.45280000000000004,102.64,3,5,0,30.668000000000003,26.2172,22.331599999999998,11.039200000000001,20.7444,26.405599999999975,19.11777142857142,5.4559999999999995
2025-05-30,35.5824,136.63479999999998,88.44879999999999,0.0664,65.4572,0.444,116.8,4,5,0,36.124,30.668000000000003,26.2172,11.1104,19.414,31.003066666666644,22.70131428571428,-0.5416000000000025
2025-05-31,33.1604,127.87440000000001,84.84639999999999,0.0644,59.2116,0.414,95.24,5,5,1,35.5824,36.124,30.668000000000003,14.8384,14.4968,34.12479999999997,26.197314285714274,-2.421999999999997
2025-06-01,37.2744,131.2916,83.06559999999999,0.07200000000000001,56.118,0.47759999999999997,105.4,6,6,1,33.1604,35.5824,36.124,17.619600000000002,12.4312,34.955599999999976,28.814742857142846,4.113999999999997
2025-06-02,41.4564,167.84759999999997,87.4628,0.0728,60.1496,0.4752,131.04,0,6,0,37.2744,33.1604,35.5824,22.331599999999998,6.6284,35.339066666666646,31.622571428571423,4.182000000000002
2025-06-03,51.373599999999996,244.7836,93.46799999999999,0.0704,71.9488,0.4656,138.56,1,6,0,41.4564,37.2744,33.1604,26.2172,6.7916,37.297066666666645,34.35468571428571,9.917199999999994
2025-06-04,28.604400000000002,136.3052,80.00359999999999,0.0636,57.953199999999995,0.42160000000000003,86.08,2,6,0,51.373599999999996,41.4564,37.2744,30.668000000000003,4.6992,43.36813333333331,37.94845714285714,-22.769199999999994
2025-06-05,14.3188,64.0008,75.844,0.0524,51.114799999999995,0.2652,52.64,3,6,0,28.604400000000002,51.373599999999996,41.4564,36.124,11.039200000000001,40.47813333333331,37.653657142857135,-14.285600000000002
2025-06-06,13.5896,70.8224,79.4608,0.0444,53.165600000000005,0.1888,53.08,4,6,0,14.3188,28.604400000000002,51.373599999999996,35.5824,11.1104,31.432266666666646,34.53862857142856,-0.7291999999999987
2025-06-07,14.7544,75.8184,79.6708,0.0436,51.675599999999996,0.2016,54.44,5,6,1,13.5896,14.3188,28.604400000000002,33.1604,14.8384,18.837599999999977,31.39679999999999,1.1647999999999996
2025-06-08,9.4048,44.73480000000001,79.89399999999999,0.044000000000000004,53.4356,0.20120000000000002,57.28,6,6,1,14.7544,13.5896,14.3188,37.2744,17.619600000000002,14.220933333333312,28.767371428571415,-5.349600000000001
2025-06-09,4.311599999999999,17.7044,72.9788,0.046,39.702,0.1932,18.0,0,6,0,9.4048,14.7544,13.5896,41.4564,22.331599999999998,12.58293333333331,24.78599999999999,-5.0932
2025-06-10,8.604800000000001,33.6736,77.4188,0.0464,43.142799999999994,0.2168,53.8,1,6,0,4.311599999999999,9.4048,14.7544,51.373599999999996,26.2172,9.490266666666644,19.479599999999987,4.2932000000000015
2025-06-11,10.1352,39.3788,77.5196,0.0492,44.584799999999994,0.2728,42.32,2,6,0,8.604800000000001,4.311599999999999,9.4048,28.604400000000002,30.668000000000003,7.440399999999976,13.36977142857142,1.5303999999999984
2025-06-12,9.516399999999999,40.1936,74.0728,0.06,38.7384,0.3528,39.64,3,6,0,10.1352,8.604800000000001,4.311599999999999,14.3188,36.124,7.683866666666643,10.731314285714276,-0.6188000000000002
2025-06-13,15.1,67.186,75.37,0.07919999999999999,41.798,0.4636,57.08,4,6,0,9.516399999999999,10.1352,8.604800000000001,13.5896,35.5824,9.418799999999976,10.045257142857134,5.583600000000001
2025-06-14,21.893600000000003,97.2616,77.1828,0.0984,46.300399999999996,0.5096,71.56,5,6,1,15.1,9.516399999999999,10.1352,14.7544,33.1604,11.583866666666642,10.26102857142856,6.793600000000003
2025-06-15,24.998800000000003,107.1232,78.17399999999999,0.096,49.041599999999995,0.5015999999999999,78.16,6,6,1,21.893600000000003,15.1,9.516399999999999,9.4048,37.2744,15.50333333333331,11.280914285714276,3.1052
2025-06-16,32.218,146.18280000000001,82.5412,0.0772,54.5344,0.2992,93.72,0,6,0,24.998800000000003,21.893600000000003,15.1,4.311599999999999,41.4564,20.66413333333331,13.508628571428561,7.219200000000001
2025-06-17,35.504400000000004,150.83880000000002,82.54719999999999,0.0708,49.751599999999996,0.3936,100.88,1,6,0,32.218,24.998800000000003,21.893600000000003,8.604800000000001,51.373599999999996,26.370133333333314,17.495257142857135,3.2864000000000004
2025-06-18,26.078000000000003,111.8212,80.096,0.0712,51.2768,0.44,80.44,2,6,0,35.504400000000004,32.218,24.998800000000003,10.1352,28.604400000000002,30.907066666666648,21.338057142857135,-9.426400000000001
2025-06-19,21.334,92.6168,78.0276,0.0728,50.173199999999994,0.4628,70.48,3,6,0,26.078000000000003,35.504400000000004,32.218,9.516399999999999,14.3188,31.26679999999998,23.615599999999993,-4.744000000000003
2025-06-20,27.281999999999996,117.99,80.148,0.0716,52.9376,0.4892,82.88,4,6,0,21.334,26.078000000000003,35.504400000000004,15.1,13.5896,27.63879999999998,25.303828571428564,5.947999999999997
2025-06-21,27.183600000000002,126.80760000000001,77.9716,0.08,52.832,0.504,82.8,5,6,1,27.281999999999996,21.334,26.078000000000003,21.893600000000003,14.7544,24.89799999999998,27.044114285714276,-0.09839999999999449
2025-06-22,31.37,146.47799999999998,79.11399999999999,0.0872,53.474399999999996,0.4844,91.4,6,6,1,27.183600000000002,27.281999999999996,21.334,24.998800000000003,9.4048,25.26653333333331,27.799828571428566,4.186399999999999
2025-06-23,33.251599999999996,146.7928,79.4596,0.09119999999999999,51.773999999999994,0.5188,95.44,0,6,0,31.37,27.183600000000002,27.281999999999996,32.218,4.311599999999999,28.611866666666643,28.70999999999999,1.8815999999999953
2025-06-24,33.9604,142.6212,82.1664,0.0872,54.3612,0.5272,97.48,1,6,0,33.251599999999996,31.37,27.183600000000002,35.504400000000004,8.604800000000001,30.60173333333331,28.857657142857136,0.7088000000000036
2025-06-25,40.1216,169.02720000000002,92.05,0.0888,66.07,0.5556,112.48,2,6,0,33.9604,33.251599999999996,31.37,26.078000000000003,10.1352,32.860666666666646,28.637085714285707,6.161200000000001
2025-06-26,44.5392,206.4872,88.1724,0.09519999999999999,59.246,0.3768,123.2,3,6,0,40.1216,33.9604,33.251599999999996,21.334,9.516399999999999,35.77786666666665,30.643314285714276,4.4176
2025-06-27,34.8484,132.078,88.134,0.17240000000000003,55.7808,0.36200000000000004,100.36,4,6,0,44.5392,40.1216,33.9604,27.281999999999996,15.1,39.54039999999998,33.958342857142846,-9.690800000000003
2025-06-28,10.422,14.292,81.014,0.0944,57.6056,0.1568,42.8,5,6,1,34.8484,44.5392,40.1216,27.183600000000002,21.893600000000003,39.836399999999976,35.03925714285713,-24.426399999999997
2025-06-29,11.514000000000001,18.7144,89.2588,0.0816,62.2512,0.18400000000000002,47.6,6,6,1,10.422,34.8484,44.5392,31.37,24.998800000000003,29.936533333333312,32.644742857142845,1.0920000000000005
2025-06-30,21.661199999999997,96.20479999999999,70.04,0.09759999999999999,42.3256,0.4888,71.04,0,6,0,11.514000000000001,10.422,34.8484,33.251599999999996,32.218,18.92813333333331,29.80817142857142,10.147199999999996
2025-07-01,18.6728,83.9896,71.7008,0.09,44.626400000000004,0.39840000000000003,64.76,1,7,0,21.661199999999997,11.514000000000001,10.422,33.9604,35.504400000000004,14.532399999999976,28.152399999999993,-2.9883999999999986
2025-07-02,17.3492,73.6816,72.16720000000001,0.08560000000000001,43.726800000000004,0.4044,62.0,2,7,0,18.6728,21.661199999999997,11.514000000000001,40.1216,26.078000000000003,17.282666666666643,25.968457142857137,-1.323599999999999
2025-07-03,18.758,75.1568,71.99560000000001,0.098,42.8032,0.34240000000000004,65.04,3,7,0,17.3492,18.6728,21.661199999999997,44.5392,21.334,19.22773333333331,22.715257142857133,1.4087999999999994
2025-07-04,28.204,100.0836,74.9376,0.09759999999999999,46.8,0.3204,84.84,4,7,0,18.758,17.3492,18.6728,34.8484,27.281999999999996,18.259999999999977,19.03222857142856,9.446000000000002
2025-07-05,34.348,136.13639999999998,77.828,0.1016,55.388000000000005,0.4364,98.76,5,7,1,28.204,18.758,17.3492,10.422,27.183600000000002,21.43706666666664,18.08302857142856,6.143999999999998
2025-07-06,34.53,167.592,71.6012,0.1,50.8096,0.6068,99.24,6,7,1,34.348,28.204,18.758,11.514000000000001,31.37,27.103333333333307,21.50102857142856,0.18200000000000216
2025-07-07,36.3648,166.6124,76.3656,0.1008,55.199600000000004,0.524,103.16,0,7,0,34.53,34.348,28.204,21.661199999999997,33.251599999999996,32.360666666666646,24.78902857142856,1.8348000000000013
2025-07-08,32.7556,135.138,75.5372,0.09519999999999999,50.4488,0.5364,95.36,1,7,0,36.3648,34.53,34.348,18.6728,33.9604,35.08093333333331,26.889542857142846,-3.6092000000000013
2025-07-09,31.7848,160.6808,75.0084,0.0892,46.6292,0.5312,92.48,2,7,0,32.7556,36.3648,34.53,17.3492,40.1216,34.550133333333314,28.90137142857142,-0.9708000000000006
2025-07-10,25.0168,117.1524,75.52199999999999,0.0836,45.4084,0.5015999999999999,78.12,3,7,0,31.7848,32.7556,36.3648,18.758,44.5392,33.63506666666664,30.96359999999999,-6.768000000000001
2025-07-11,16.764400000000002,74.0184,75.2572,0.0788,42.6984,0.3492,60.68,4,7,0,25.0168,31.7848,32.7556,28.204,34.8484,29.852399999999975,31.857714285714277,-8.252399999999998
2025-07-12,15.831600000000002,63.518,75.94800000000001,0.07400000000000001,41.25,0.2988,58.8,5,7,1,16.764400000000002,25.0168,31.7848,34.348,10.422,24.521999999999974,30.223485714285705,-0.9328000000000003
2025-07-13,18.34,74.9324,80.938,0.0716,42.967600000000004,0.3036,64.16,6,7,1,15.831600000000002,16.764400000000002,25.0168,34.53,11.514000000000001,19.20426666666664,27.578285714285702,2.508399999999998
2025-07-14,24.792399999999997,106.20360000000001,78.0476,0.0776,43.8108,0.43920000000000003,77.68,0,7,0,18.34,15.831600000000002,16.764400000000002,36.3648,21.661199999999997,16.97866666666664,25.26542857142856,6.452399999999997
2025-07-15,24.8596,109.5076,79.30199999999999,0.08800000000000001,43.532799999999995,0.4524,77.72,1,7,0,24.792399999999997,18.34,15.831600000000002,32.7556,18.6728,19.65466666666664,23.612228571428563,0.06720000000000326
2025-07-16,27.2452,119.5248,75.834,0.07919999999999999,40.6356,0.424,82.84,2,7,0,24.8596,24.792399999999997,18.34,31.7848,17.3492,22.663999999999973,22.48422857142856,2.3856
2025-07-17,24.7956,110.1204,77.4988,0.0756,41.6812,0.392,77.72,3,7,0,27.2452,24.8596,24.792399999999997,25.0168,18.758,25.632399999999972,21.83571428571428,-2.4496
2025-07-18,20.628,85.1292,78.94239999999999,0.0736,41.4548,0.2792,68.92,4,7,0,24.7956,27.2452,24.8596,16.764400000000002,28.204,25.63346666666664,21.804114285714274,-4.1676
2025-07-19,18.63,70.3084,81.5844,0.084,41.7856,0.34240000000000004,64.72,5,7,1,20.628,24.7956,27.2452,15.831600000000002,34.348,24.222933333333305,22.356057142857136,-1.998000000000001
2025-07-20,21.1768,93.6992,77.5868,0.092,43.6504,0.3868,70.08,6,7,1,18.63,20.628,24.7956,18.34,34.53,21.351199999999977,22.755828571428562,2.546800000000001
2025-07-21,20.62,81.80239999999999,73.4404,0.0696,48.4388,0.316,69.0,0,7,0,21.1768,18.63,20.628,24.792399999999997,36.3648,20.144933333333306,23.1610857142857,-0.5567999999999991
2025-07-22,14.62,54.352,74.5364,0.06280000000000001,46.7604,0.2736,56.32,1,7,0,20.62,21.1768,18.63,24.8596,32.7556,20.142266666666643,22.565028571428563,-6.000000000000002
2025-07-23,18.1524,74.406,78.518,0.0704,48.296800000000005,0.3856,63.76,2,7,0,14.62,20.62,21.1768,27.2452,31.7848,18.805599999999973,21.10222857142856,3.532400000000001
2025-07-24,22.637199999999996,92.3852,77.8884,0.0712,46.6852,0.3968,73.0,3,7,0,18.1524,14.62,20.62,24.7956,25.0168,17.79746666666664,19.80325714285713,4.484799999999996
2025-07-25,26.7852,102.7124,75.51520000000001,0.0756,49.178000000000004,0.42840000000000006,81.88,4,7,0,22.637199999999996,18.1524,14.62,20.628,16.764400000000002,18.469866666666636,19.494914285714277,4.148000000000003
2025-07-26,31.0132,126.134,72.1776,0.0732,51.086400000000005,0.4968,91.2,5,7,1,26.7852,22.637199999999996,18.1524,18.63,15.831600000000002,22.52493333333331,20.374514285714273,4.2280000000000015
2025-07-27,31.6072,160.0636,70.8396,0.0864,49.3684,0.5760000000000001,92.12,6,7,1,31.0132,26.7852,22.637199999999996,21.1768,18.34,26.811866666666642,22.143542857142847,0.5939999999999976
2025-07-28,29.11,148.1032,69.7096,0.0944,45.4176,0.6232,86.76,0,7,0,31.6072,31.0132,26.7852,20.62,24.792399999999997,29.80186666666664,23.63359999999999,-2.4971999999999994
2025-07-29,29.2648,143.8888,70.8272,0.0808,46.7144,0.65,87.36,1,7,0,29.11,31.6072,31.0132,14.62,24.8596,30.576799999999974,24.846457142857133,0.1548000000000016
2025-07-30,35.1308,159.61360000000002,70.0412,0.092,47.6928,0.7008,100.36,2,7,0,29.2648,29.11,31.6072,18.1524,27.2452,29.993999999999975,26.938571428571418,5.866
2025-07-31,30.2748,140.36,72.83359999999999,0.0944,45.906000000000006,0.5792,89.32,3,7,0,35.1308,29.2648,29.11,22.637199999999996,24.7956,31.168533333333304,29.36405714285713,-4.856000000000002
2025-08-01,22.428,92.98719999999999,76.10640000000001,0.07919999999999999,45.11600000000001,0.4384,72.84,4,8,0,30.2748,35.1308,29.2648,26.7852,20.628,31.55679999999997,30.455142857142846,-7.846799999999998
2025-08-02,17.8656,66.3968,72.9016,0.0664,45.92359999999999,0.33880000000000005,63.08,5,8,1,22.428,30.2748,35.1308,31.0132,18.63,29.27786666666664,29.832685714285702,-4.5624
2025-08-03,16.3688,62.8328,75.0468,0.0688,46.1704,0.2904,60.0,6,8,1,17.8656,22.428,30.2748,31.6072,21.1768,23.52279999999997,27.954457142857134,-1.4968000000000004
2025-08-04,11.7904,44.8804,75.1912,0.06,46.4284,0.2776,48.52,0,8,0,16.3688,17.8656,22.428,29.11,20.62,18.88746666666664,25.777542857142844,-4.5784
2025-08-05,11.675999999999998,47.314800000000005,78.5384,0.07200000000000001,43.4388,0.3124,48.56,1,8,0,11.7904,16.3688,17.8656,29.2648,14.62,15.341599999999973,23.303314285714272,-0.11440000000000161
2025-08-06,11.434800000000001,44.242799999999995,85.8048,0.062,42.1664,0.2756,47.12,2,8,0,11.675999999999998,11.7904,16.3688,35.1308,18.1524,13.278399999999971,20.790628571428563,-0.24119999999999742
2025-08-07,12.435599999999999,49.902,90.4208,0.0584,42.6308,0.2596,49.56,3,8,0,11.434800000000001,11.675999999999998,11.7904,30.2748,22.637199999999996,11.633733333333305,17.405485714285703,1.0007999999999981
2025-08-08,10.7632,43.886,82.76440000000001,0.0536,40.2016,0.2536,44.68,4,8,0,12.435599999999999,11.434800000000001,11.675999999999998,22.428,26.7852,11.84879999999997,14.857028571428561,-1.6723999999999997
2025-08-09,10.5556,46.3404,75.39,0.057999999999999996,39.278800000000004,0.2748,61.92,5,8,1,10.7632,12.435599999999999,11.434800000000001,17.8656,31.0132,11.544533333333305,13.190628571428562,-0.20759999999999934
2025-08-10,10.1368,40.6356,72.538,0.06,37.517199999999995,0.2804,42.24,6,8,1,10.5556,10.7632,12.435599999999999,16.3688,31.6072,11.251466666666637,12.146342857142846,-0.41880000000000095
2025-08-11,10.0852,41.3868,76.6484,0.064,37.8644,0.3356,41.92,0,8,0,10.1368,10.5556,10.7632,11.7904,29.11,10.48519999999997,11.256057142857133,-0.05159999999999876
2025-08-12,13.8192,61.773199999999996,74.49,0.08439999999999999,37.2712,0.4384,54.2,1,8,0,10.0852,10.1368,10.5556,11.675999999999998,29.2648,10.259199999999971,11.012457142857134,3.734
2025-08-13,20.4412,96.43719999999999,75.03960000000001,0.1024,40.0872,0.4904,68.48,2,8,0,13.8192,10.0852,10.1368,11.434800000000001,35.1308,11.34706666666664,11.318628571428562,6.621999999999998
2025-08-14,19.5784,87.08760000000001,78.8664,0.11,42.032799999999995,0.33,66.76,3,8,0,20.4412,13.8192,10.0852,12.435599999999999,30.2748,14.781866666666637,12.60525714285713,-0.8628
2025-08-15,16.208,58.0972,80.4008,0.0832,40.492,0.16920000000000002,59.64,4,8,0,19.5784,20.4412,13.8192,10.7632,22.428,17.946266666666634,13.625657142857133,-3.3704
2025-08-16,13.701600000000001,42.546800000000005,83.2476,0.07200000000000001,39.105199999999996,0.0984,54.32,5,8,1,16.208,19.5784,20.4412,10.5556,17.8656,18.742533333333302,14.403485714285704,-2.5063999999999975
2025-08-17,12.524000000000001,35.998,86.20639999999999,0.0664,36.978,0.0732,51.12,6,8,1,13.701600000000001,16.208,19.5784,10.1368,16.3688,16.49599999999997,14.852914285714276,-1.1776
2025-08-18,11.7732,26.6588,84.6752,0.08199999999999999,31.775199999999998,0.1328,84.76,0,8,0,12.524000000000001,13.701600000000001,16.208,10.0852,11.7904,14.144533333333305,15.193942857142847,-0.7508000000000017
2025-08-19,10.55,18.666,79.9256,0.1056,37.87,0.2116,43.88,1,8,0,11.7732,12.524000000000001,13.701600000000001,13.8192,11.675999999999998,12.666266666666639,15.435085714285703,-1.2231999999999985
2025-08-20,9.607999999999999,16.3016,101.10879999999999,0.3292,41.0488,0.6184000000000001,39.92,2,8,0,10.55,11.7732,12.524000000000001,20.4412,11.434800000000001,11.615733333333305,14.968057142857132,-0.942000000000002
2025-08-21,6.1903999999999995,9.2964,109.6764,0.2292,41.4356,0.37079999999999996,25.84,3,8,0,9.607999999999999,10.55,11.7732,19.5784,12.435599999999999,10.643733333333305,13.420457142857133,-3.4175999999999993
2025-08-22,8.5928,18.5808,120.3708,0.1168,45.739200000000004,0.256,35.68,4,8,0,6.1903999999999995,9.607999999999999,10.55,16.208,10.7632,8.782799999999972,11.507885714285704,2.402400000000001
2025-08-23,15.798800000000002,54.6376,96.8216,0.09480000000000001,40.0092,0.4096,58.8,5,8,1,8.5928,6.1903999999999995,9.607999999999999,13.701600000000001,10.5556,8.130399999999971,10.41999999999999,7.206000000000001
2025-08-24,18.7156,83.16799999999999,90.48280000000001,0.1,39.2052,0.5164,64.88,6,8,1,15.798800000000002,8.5928,6.1903999999999995,12.524000000000001,10.1368,10.193999999999972,10.71959999999999,2.9167999999999967
2025-08-25,19.819200000000002,92.43039999999999,80.21640000000001,0.10640000000000001,36.716,0.506,67.2,0,8,0,18.7156,15.798800000000002,8.5928,11.7732,10.0852,14.36906666666664,11.604114285714275,1.1036000000000037
2025-08-26,18.82,75.0532,87.39120000000001,0.1076,37.2328,0.37920000000000004,65.2,1,8,0,19.819200000000002,18.7156,15.798800000000002,10.55,13.8192,18.11119999999997,12.753542857142847,-0.9992000000000019
2025-08-27,17.4576,66.94760000000001,107.564,0.094,40.815599999999996,0.29600000000000004,62.28,2,8,0,18.82,19.819200000000002,18.7156,9.607999999999999,20.4412,19.11826666666664,13.934971428571417,-1.362400000000001
2025-08-28,14.61,53.6664,107.43799999999999,0.076,42.9168,0.2228,56.28,3,8,0,17.4576,18.82,19.819200000000002,6.1903999999999995,19.5784,18.698933333333304,15.056342857142848,-2.8476
2025-08-29,16.5136,57.1804,118.564,0.0784,47.104,0.22719999999999999,60.28,4,8,0,14.61,17.4576,18.82,8.5928,16.208,16.962533333333308,16.259142857142848,1.9036000000000008
2025-08-30,23.8,96.7592,113.9456,0.08,45.0816,0.2304,75.56,5,8,1,16.5136,14.61,17.4576,15.798800000000002,13.701600000000001,16.193733333333306,17.390685714285706,7.2864
2025-08-31,17.6256,69.9904,92.584,0.084,40.2192,0.336,62.64,6,8,1,23.8,16.5136,14.61,18.7156,12.524000000000001,18.30786666666664,18.533714285714275,-6.174400000000002
2025-09-01,18.1932,73.69239999999999,94.0616,0.0808,46.3376,0.546,63.88,0,9,0,17.6256,23.8,16.5136,19.819200000000002,11.7732,19.31306666666664,18.37799999999999,0.5676000000000023
2025-09-02,17.6496,74.7416,85.12200000000001,0.0808,44.647600000000004,0.5708,62.64,1,9,0,18.1932,17.6256,23.8,18.82,10.55,19.872933333333307,18.145714285714273,-0.5436000000000014
2025-09-03,17.1996,69.0712,86.3092,0.0716,45.142799999999994,0.3856,61.64,2,9,0,17.6496,18.1932,17.6256,17.4576,9.607999999999999,17.822799999999972,17.978514285714276,-0.4499999999999993
2025-09-04,16.071199999999997,63.155199999999994,90.544,0.0604,47.326,0.3344,59.36,3,9,0,17.1996,17.6496,18.1932,14.61,6.1903999999999995,17.680799999999973,17.941657142857135,-1.1284000000000027
2025-09-05,15.3476,61.3788,91.79799999999999,0.0604,48.212399999999995,0.4052,57.84,4,9,0,16.071199999999997,17.1996,17.6496,16.5136,8.5928,16.97346666666664,18.150399999999987,-0.7235999999999976
2025-09-06,14.898399999999999,54.2936,92.9348,0.0664,46.937200000000004,0.4708,56.96,5,9,1,15.3476,16.071199999999997,17.1996,23.8,15.798800000000002,16.20613333333331,17.98382857142856,-0.44920000000000115
2025-09-07,18.2464,77.2276,90.57879999999999,0.07719999999999999,47.7048,0.586,63.84,6,9,1,14.898399999999999,15.3476,16.071199999999997,17.6256,18.7156,15.439066666666639,16.712171428571416,3.3480000000000025
2025-09-08,19.3292,72.0984,79.442,0.1052,46.9812,0.5496,66.24,0,9,0,18.2464,14.898399999999999,15.3476,18.1932,19.819200000000002,16.164133333333307,16.800857142857133,1.0827999999999989
2025-09-09,18.4,69.8,77.57,0.09,45.12,0.57,64.0,1,9,0,19.3292,18.2464,14.898399999999999,17.6496,18.82,17.491333333333305,16.96314285714285,-0.9292000000000016
2025-09-11,7.71625,17.085833333333333,79.32958333333333,0.07458333333333333,36.464166666666664,0.25666666666666665,32.208333333333336,3,9,0,18.4,19.3292,18.2464,17.1996,17.4576,18.658533333333306,17.070342857142844,-10.68375
2025-09-12,6.2328,11.7336,76.75479999999999,0.0684,34.9392,0.19640000000000002,26.08,4,9,0,7.71625,18.4,19.3292,16.071199999999997,14.61,15.148483333333308,15.71557857142856,-1.4834499999999995
2025-09-13,5.2396,9.365599999999999,76.3348,0.0596,34.8016,0.1396,21.84,5,9,1,6.2328,7.71625,18.4,15.3476,16.5136,10.78301666666664,14.310092857142847,-0.9931999999999999
2025-09-14,3.6995999999999998,8.328000000000001,75.83359999999999,0.057999999999999996,33.5492,0.2076,15.48,6,9,1,5.2396,6.2328,7.71625,14.898399999999999,23.8,6.396216666666639,12.866092857142847,-1.5400000000000005
2025-09-15,4.489199999999999,12.8004,76.0536,0.058800000000000005,36.2908,0.3172,18.76,0,9,0,3.6995999999999998,5.2396,6.2328,18.2464,17.6256,5.057333333333307,11.266264285714275,0.7895999999999996
2025-09-16,7.466,28.717200000000002,79.486,0.0696,40.24,0.4416,31.2,1,9,0,4.489199999999999,3.6995999999999998,5.2396,19.3292,18.1932,4.476133333333306,9.300949999999988,2.976800000000001
2025-09-17,9.0096,38.0436,83.9244,0.0828,44.093999999999994,0.4144,37.52,2,9,0,7.466,4.489199999999999,3.6995999999999998,18.4,17.6496,5.21826666666664,7.606207142857132,1.5436000000000005
2025-09-18,6.8272,27.7952,83.9664,0.0688,40.5256,0.3096,28.52,3,9,0,9.0096,7.466,4.489199999999999,7.71625,17.1996,6.9882666666666395,6.264721428571419,-2.1824000000000003
2025-09-19,5.949199999999999,23.7808,82.0016,0.056799999999999996,42.1824,0.24480000000000002,24.8,4,9,0,6.8272,9.0096,7.466,6.2328,16.071199999999997,7.767599999999973,6.137714285714275,-0.878000000000001
2025-09-20,3.8012,13.4052,81.41720000000001,0.054400000000000004,42.6968,0.2028,15.92,5,9,1,5.949199999999999,6.8272,9.0096,5.2396,15.3476,7.261999999999972,6.097199999999991,-2.1479999999999992
2025-09-21,2.802,9.3636,81.8036,0.056400000000000006,41.1796,0.2008,11.68,6,9,1,3.8012,5.949199999999999,6.8272,3.6995999999999998,14.898399999999999,5.52586666666664,5.891714285714275,-0.9992000000000001
2025-09-22,2.3844,7.6008000000000004,84.85079999999999,0.0608,40.754400000000004,0.2308,9.88,0,9,0,2.802,3.8012,5.949199999999999,4.489199999999999,18.2464,4.184133333333306,5.763485714285703,-0.4176000000000002
2025-09-23,3.1364,10.5984,85.7228,0.0576,40.4196,0.28,13.04,1,9,0,2.3844,2.802,3.8012,7.466,19.3292,2.9958666666666396,5.46279999999999,0.7520000000000002
2025-09-24,4.6676,16.4784,86.0684,0.057999999999999996,41.6696,0.2852,19.48,2,9,0,3.1364,2.3844,2.802,9.0096,18.4,2.7742666666666396,4.844285714285704,1.5312000000000001
2025-09-25,7.182,26.6748,92.25,0.0512,47.828,0.16399999999999998,30.04,3,9,0,4.6676,3.1364,2.3844,6.8272,7.71625,3.3961333333333066,4.2239999999999895,2.5144
2025-09-26,6.69,26.4428,91.21600000000001,0.045200000000000004,45.7848,0.0836,27.96,4,9,0,7.182,4.6676,3.1364,5.949199999999999,6.2328,4.995333333333306,4.274685714285704,-0.492
2025-09-27,7.9632000000000005,30.4644,90.33239999999999,0.0404,48.475199999999994,0.11,33.12,5,9,1,6.69,7.182,4.6676,3.8012,5.2396,6.179866666666641,4.380514285714276,1.2732
2025-09-28,9.5824,41.318000000000005,90.1248,0.0536,50.2316,0.408,39.84,6,9,1,7.9632000000000005,6.69,7.182,2.802,3.6995999999999998,7.278399999999974,4.975085714285704,1.6191999999999993
2025-09-29,12.3012,66.1024,90.5196,0.11199999999999999,49.8684,0.6459999999999999,49.0,0,9,0,9.5824,7.9632000000000005,6.69,2.3844,4.489199999999999,8.078533333333306,5.943714285714276,2.7188
2025-09-30,19.040399999999998,82.2216,93.82959999999999,0.1272,55.1,0.5604,65.52,1,9,0,12.3012,9.5824,7.9632000000000005,3.1364,7.466,9.948933333333306,7.3603999999999905,6.7391999999999985
2025-10-01,18.952,37.7308,168.7568,1.7204,80.6876,4.2860000000000005,65.08,2,10,0,19.040399999999998,12.3012,9.5824,4.6676,9.0096,13.641333333333305,9.63239999999999,-0.08839999999999648
2025-10-02,8.4168,16.5484,125.4984,1.8388,61.0356,3.1668000000000003,34.4,3,10,0,18.952,19.040399999999998,12.3012,7.182,6.8272,16.764533333333304,11.673028571428562,-10.535200000000001
2025-10-03,4.9075999999999995,10.5596,108.57600000000001,1.964,46.0224,1.26,20.48,4,10,0,8.4168,18.952,19.040399999999998,6.69,5.949199999999999,15.469733333333304,11.849428571428561,-3.5092000000000008
2025-10-04,7.6175999999999995,13.6496,97.6292,0.15039999999999998,53.1972,0.2704,31.92,5,10,1,4.9075999999999995,8.4168,18.952,7.9632000000000005,3.8012,10.758799999999972,11.59479999999999,2.71
2025-10-05,7.6248000000000005,15.7224,105.05040000000001,0.0696,54.3388,0.2468,31.8,6,10,1,7.6175999999999995,4.9075999999999995,8.4168,9.5824,2.802,6.980666666666639,11.54542857142856,0.007200000000000983
2025-10-06,11.0676,48.897600000000004,91.5748,0.06680000000000001,54.7948,0.2752,42.48,0,10,0,7.6248000000000005,7.6175999999999995,4.9075999999999995,12.3012,2.3844,6.7166666666666375,11.265771428571417,3.4428
2025-10-07,10.558,54.8772,89.9612,0.05600000000000001,55.922,0.18760000000000002,43.6,1,10,0,11.0676,7.6248000000000005,7.6175999999999995,19.040399999999998,3.1364,8.769999999999973,11.089542857142847,-0.5096000000000007
2025-10-08,7.7132000000000005,38.7092,91.13680000000001,0.0444,53.8844,0.068,32.0,2,10,0,10.558,11.0676,7.6248000000000005,18.952,4.6676,9.750133333333306,9.87777142857142,-2.8447999999999993
2025-10-09,11.224400000000001,50.3032,96.4416,0.0496,63.748400000000004,0.1708,45.8,3,10,0,7.7132000000000005,10.558,11.0676,8.4168,7.182,9.779599999999972,8.272228571428561,3.5112000000000005
2025-10-10,9.9212,35.5448,97.0248,0.0404,64.3924,0.132,41.36,4,10,0,11.224400000000001,7.7132000000000005,10.558,4.9075999999999995,6.69,9.83186666666664,8.673314285714275,-1.3032000000000004
2025-10-11,6.7944,21.8756,98.07879999999999,0.0408,60.9352,0.122,28.36,5,10,1,9.9212,11.224400000000001,7.7132000000000005,7.6175999999999995,7.9632000000000005,9.619599999999972,9.389542857142846,-3.1268000000000002
2025-10-12,13.4192,45.2988,101.8336,0.07200000000000001,71.6832,0.3924,69.72,6,10,1,6.7944,9.9212,11.224400000000001,7.6248000000000005,9.5824,9.313333333333306,9.271942857142848,6.6248
2025-10-13,27.0988,74.16199999999999,126.446,0.12240000000000001,97.47319999999999,1.0992,82.6,0,10,0,13.4192,6.7944,9.9212,11.0676,12.3012,10.044933333333306,10.099714285714276,13.6796
2025-10-14,25.4236,62.373599999999996,123.5236,0.124,100.07520000000001,1.0404,79.0,1,10,0,27.0988,13.4192,6.7944,10.558,19.040399999999998,15.770799999999971,12.389885714285706,-1.6752000000000002
2025-10-15,33.884,82.7448,130.19719999999998,0.1576,109.4964,1.682,113.0,2,10,0,25.4236,27.0988,13.4192,7.7132000000000005,18.952,21.9805333333333,14.513542857142848,8.4604
2025-10-16,34.2532,87.7096,131.31119999999999,0.19920000000000002,104.2564,1.7288,113.8,3,10,0,33.884,25.4236,27.0988,11.224400000000001,8.4168,28.802133333333302,18.25222857142856,0.3691999999999993
2025-10-17,45.874399999999994,114.11,154.994,0.21760000000000002,112.008,1.9191999999999998,126.56,4,10,0,34.2532,33.884,25.4236,9.9212,4.9075999999999995,31.186933333333304,21.542057142857136,11.621199999999995
2025-10-18,38.684,87.83200000000001,133.6632,0.1004,99.5736,1.0796000000000001,124.72,5,10,1,45.874399999999994,34.2532,33.884,6.7944,7.6175999999999995,38.00386666666663,26.67822857142856,-7.190399999999997
2025-10-19,33.378,86.964,120.4276,0.07880000000000001,83.69319999999999,0.5644,95.72,6,10,1,38.684,45.874399999999994,34.2532,13.4192,7.6248000000000005,39.60386666666663,31.2338857142857,-5.305999999999997
2025-10-20,28.2952,68.7212,124.8568,0.132,90.11959999999999,0.618,85.04,0,10,0,33.378,38.684,45.874399999999994,27.0988,11.0676,39.3121333333333,34.08514285714285,-5.082799999999999
2025-10-21,39.6164,97.5352,189.0352,0.812,107.8976,1.8816,111.96,1,10,0,28.2952,33.378,38.684,25.4236,10.558,33.45239999999996,34.25605714285713,11.321199999999997
2025-10-22,85.70880000000001,168.6332,427.30120000000005,2.8508,138.8672,6.9788,166.64,2,10,0,39.6164,28.2952,33.378,33.884,7.7132000000000005,33.76319999999997,36.28359999999999,46.09240000000001
2025-10-23,95.0468,171.1332,443.1932,2.1984,146.8552,6.716799999999999,171.4,3,10,0,85.70880000000001,39.6164,28.2952,34.2532,11.224400000000001,51.206799999999966,43.68714285714285,9.337999999999994
2025-10-24,88.484,148.5928,467.29519999999997,2.4056,147.214,5.9708000000000006,168.08,4,10,0,95.0468,85.70880000000001,39.6164,45.874399999999994,9.9212,73.45733333333331,52.37194285714285,-6.56280000000001
2025-10-25,82.55040000000001,141.0584,511.858,3.1812,147.0632,7.1412,164.92,5,10,1,88.484,95.0468,85.70880000000001,38.684,6.7944,89.74653333333332,58.45902857142856,-5.933599999999984
2025-10-26,57.651199999999996,110.056,291.9684,2.3864,134.3676,8.025599999999999,148.36,6,10,1,82.55040000000001,88.484,95.0468,33.378,13.4192,88.6937333333333,64.72565714285713,-24.899200000000015
2025-10-27,56.6604,101.12,287.02119999999996,2.5780000000000003,140.7432,8.48,146.2,0,10,0,57.651199999999996,82.55040000000001,88.484,28.2952,27.0988,76.22853333333329,68.19325714285714,-0.990799999999993
2025-10-28,56.582,95.4316,300.884,2.1144,137.5616,7.2248,147.24,1,10,0,56.6604,57.651199999999996,82.55040000000001,39.6164,25.4236,65.62066666666664,72.24542857142856,-0.07840000000000202
2025-10-29,49.5732,88.46600000000001,319.306,2.1348,121.2772,6.848,131.08,2,10,0,56.582,56.6604,57.651199999999996,85.70880000000001,33.884,56.9645333333333,74.66908571428571,-7.008800000000001
2025-10-30,56.367200000000004,103.34360000000001,314.1836,2.504,115.516,6.5144,144.72,3,10,0,49.5732,56.582,56.6604,95.0468,34.2532,54.27186666666663,69.50685714285713,6.794000000000004
2025-10-31,77.25880000000001,151.2036,311.284,1.4143999999999999,149.61440000000002,8.2072,162.16,4,10,0,56.367200000000004,49.5732,56.582,88.484,45.874399999999994,54.174133333333295,63.98119999999999,20.891600000000004
2025-11-01,73.6088,130.0668,293.6204,0.718,128.332,3.3364,160.4,5,11,1,77.25880000000001,56.367200000000004,49.5732,82.55040000000001,38.684,61.066399999999966,62.37759999999999,-3.6500000000000057
2025-11-02,54.114,115.0284,164.3948,0.10120000000000001,95.7124,0.32280000000000003,144.48,6,11,1,73.6088,77.25880000000001,56.367200000000004,57.651199999999996,33.378,69.07826666666664,61.10022857142856,-19.494800000000005
2025-11-03,57.282799999999995,168.08599999999998,127.77040000000001,0.07,100.14040000000001,0.3892,142.88,0,11,0,54.114,73.6088,77.25880000000001,56.6604,28.2952,68.32719999999996,60.594914285714275,3.1687999999999974
2025-11-04,50.826,188.9536,119.89479999999999,0.2832,113.07600000000001,0.7916,133.04,1,11,0,57.282799999999995,54.114,73.6088,56.582,39.6164,61.6685333333333,60.683828571428556,-6.456799999999994
2025-11-05,50.582,139.8208,213.2652,1.188,135.1032,4.5064,136.84,2,11,0,50.826,57.282799999999995,54.114,49.5732,85.70880000000001,54.07426666666663,59.861542857142844,-0.24399999999999977
2025-11-06,53.266400000000004,118.4144,244.3316,0.9872,143.6232,7.2564,153.44,3,11,0,50.582,50.826,57.282799999999995,56.367200000000004,95.0468,52.896933333333294,60.00565714285714,2.6844000000000037
2025-11-07,28.386,73.8084,106.77680000000001,0.11199999999999999,104.51719999999999,0.5544,85.24,4,11,0,53.266400000000004,50.582,50.826,77.25880000000001,88.484,51.5581333333333,59.5626857142857,-24.880400000000005
2025-11-08,17.2304,47.388400000000004,99.25319999999999,0.0712,109.036,0.4304,61.8,5,11,1,28.386,53.266400000000004,50.582,73.6088,82.55040000000001,44.078133333333305,52.580857142857134,-11.1556
2025-11-09,25.2696,83.314,103.86840000000001,0.07200000000000001,106.7924,0.3192,78.68,6,11,1,17.2304,28.386,53.266400000000004,54.114,57.651199999999996,32.96093333333331,44.52679999999999,8.039200000000001
2025-11-10,21.678,65.3344,103.5556,0.0536,104.36040000000001,0.2764,71.12,0,11,0,25.2696,17.2304,28.386,57.282799999999995,56.6604,23.628666666666632,40.40617142857142,-3.5915999999999997
2025-11-11,18.317999999999998,47.5508,101.454,0.0416,99.7676,0.226,64.04,1,11,0,21.678,25.2696,17.2304,50.826,56.582,21.39266666666664,35.319771428571414,-3.360000000000003
2025-11-12,16.9724,37.5068,101.98559999999999,0.055600000000000004,99.39479999999999,0.4276,61.36,2,11,0,18.317999999999998,21.678,25.2696,50.582,49.5732,21.755199999999963,30.675771428571416,-1.3455999999999975
2025-11-13,21.8996,42.7776,114.568,0.1192,109.00200000000001,1.5816,71.56,3,11,0,16.9724,18.317999999999998,21.678,53.266400000000004,56.367200000000004,18.989466666666633,25.874399999999987,4.927199999999999
2025-11-14,34.6632,67.2868,151.934,0.3176,130.3932,6.05,99.88,4,11,0,21.8996,16.9724,18.317999999999998,28.386,77.25880000000001,19.0633333333333,21.393428571428558,12.763600000000004
2025-11-15,38.8168,82.624,166.1672,0.5539999999999999,139.10399999999998,7.685600000000001,109.08,5,11,1,34.6632,21.8996,16.9724,17.2304,73.6088,24.5117333333333,22.290171428571416,4.153599999999997
2025-11-16,54.866400000000006,134.7308,212.892,1.2184,143.6052,10.363199999999999,157.6,6,11,1,38.8168,34.6632,21.8996,25.2696,54.114,31.793199999999967,25.373942857142847,16.049600000000005
2025-11-17,46.8724,114.5316,195.48239999999998,0.9384,138.256,8.6972,129.08,0,11,0,54.866400000000006,38.8168,34.6632,21.678,57.282799999999995,42.7821333333333,29.60205714285713,-7.994000000000007
2025-11-18,37.8212,78.5552,165.00279999999998,0.434,136.458,7.441599999999999,106.56,1,11,0,46.8724,54.866400000000006,38.8168,18.317999999999998,50.826,46.85186666666664,33.20125714285713,-9.051200000000001
2025-11-19,43.1156,85.0352,185.8996,0.4276,137.0728,8.4052,119.6,2,11,0,37.8212,46.8724,54.866400000000006,16.9724,50.582,46.51999999999996,35.98742857142856,5.294400000000003
2025-11-20,44.476400000000005,81.2408,178.446,0.4068,134.2608,7.5708,122.96,3,11,0,43.1156,37.8212,46.8724,21.8996,53.266400000000004,42.60306666666663,39.722171428571414,1.3608000000000047
2025-11-21,71.5072,140.1988,264.16880000000003,1.028,152.83360000000002,15.8248,153.68,4,11,0,44.476400000000005,43.1156,37.8212,34.6632,28.386,41.804399999999966,42.94742857142857,27.030799999999992
2025-11-22,107.2724,230.144,336.7688,1.3963999999999999,151.6576,13.418399999999998,177.8,5,11,1,71.5072,44.476400000000005,43.1156,38.8168,17.2304,53.03306666666663,48.21085714285714,35.76520000000001
2025-11-23,88.9164,162.48,265.8692,0.4472,144.4532,7.7876,168.24,6,11,1,107.2724,71.5072,44.476400000000005,54.866400000000006,25.2696,74.41866666666664,57.99022857142857,-18.35600000000001
2025-11-24,92.8884,180.4748,326.5552,1.3316,154.3692,13.762,170.24,0,11,0,88.9164,107.2724,71.5072,46.8724,21.678,89.23199999999997,62.85451428571428,3.9720000000000084
2025-11-25,66.086,134.7508,268.0184,1.5056,149.0164,10.3456,156.32,1,11,0,92.8884,88.9164,107.2724,37.8212,18.317999999999998,96.35906666666664,69.42822857142856,-26.802400000000006
2025-11-26,59.74,117.1772,261.38439999999997,1.3588,148.3912,9.3968,151.88,2,11,0,66.086,92.8884,88.9164,43.1156,16.9724,82.63026666666663,73.46605714285714,-6.3459999999999965
2025-11-27,60.133599999999994,115.51440000000001,266.9092,1.6068,146.6488,9.272,148.4,3,11,0,59.74,66.086,92.8884,44.476400000000005,21.8996,72.90479999999997,75.84097142857141,0.3935999999999922
2025-11-28,73.9696,129.2776,322.5932,1.8356000000000001,151.24880000000002,12.459200000000001,160.56,4,11,0,60.133599999999994,59.74,66.086,71.5072,34.6632,61.986533333333306,78.07771428571426,13.836000000000006
2025-11-29,67.6512,115.06280000000001,299.7944,1.3636000000000001,146.8304,11.4876,157.24,5,11,1,73.9696,60.133599999999994,59.74,107.2724,38.8168,64.61439999999997,78.42948571428569,-6.318399999999997
2025-11-30,71.1424,121.40440000000001,295.6856,1.3532,147.5968,11.705599999999999,158.84,6,11,1,67.6512,73.9696,60.133599999999994,88.9164,54.866400000000006,67.25146666666663,72.76931428571427,3.491199999999992
2025-12-01,32.106,69.718,152.1084,0.1856,113.7384,1.5823999999999998,93.88,0,12,0,71.1424,67.6512,73.9696,92.8884,46.8724,70.92106666666665,70.23017142857142,-39.03639999999999
2025-12-02,36.5224,76.8804,223.21400000000003,1.176,132.8364,8.8348,104.28,1,12,0,32.106,71.1424,67.6512,66.086,37.8212,56.9665333333333,61.54697142857141,4.416399999999996
2025-12-03,60.8228,135.88559999999998,257.634,1.6012,135.9544,8.798,150.44,2,12,0,36.5224,32.106,71.1424,59.74,43.1156,46.59026666666663,57.32359999999999,24.300400000000003
2025-12-04,75.5204,170.7836,277.7704,1.7516,139.7852,10.5124,161.4,3,12,0,60.8228,36.5224,32.106,60.133599999999994,44.476400000000005,43.15039999999997,57.4782857142857,14.697599999999994
2025-12-05,70.19800000000001,135.3216,298.33799999999997,1.9240000000000002,139.6952,11.9296,158.64,4,12,0,75.5204,60.8228,36.5224,73.9696,71.5072,57.62186666666664,59.67639999999999,-5.322399999999988
2025-12-06,94.42360000000001,194.804,319.19,1.5959999999999999,138.078,6.9408,171.12,5,12,1,70.19800000000001,75.5204,60.8228,67.6512,107.2724,68.84706666666663,59.137599999999985,24.2256
2025-12-07,98.69200000000001,209.3216,336.2856,1.5475999999999999,142.8216,7.4364,173.24,6,12,1,94.42360000000001,70.19800000000001,75.5204,71.1424,88.9164,80.0473333333333,62.962228571428554,4.2684
2025-12-08,109.76,194.4512,430.19239999999996,3.0016000000000003,145.75,12.29,179.0,0,12,0,98.69200000000001,94.42360000000001,70.19800000000001,32.106,92.8884,87.77119999999998,66.8978857142857,11.067999999999998
2025-12-09,72.89920000000001,139.424,331.87760000000003,2.3572,135.4324,13.820799999999998,158.88,1,12,0,109.76,98.69200000000001,94.42360000000001,36.5224,66.086,100.9585333333333,77.99131428571427,-36.8608
2025-12-10,79.88640000000001,133.118,392.30120000000005,1.6612,141.8912,11.3584,162.28,2,12,0,72.89920000000001,109.76,98.69200000000001,60.8228,59.74,93.7837333333333,83.18799999999999,6.987200000000001
2025-12-11,22.281999999999996,28.380399999999998,126.6392,0.11599999999999999,110.49680000000001,1.7468000000000001,90.64,3,12,0,79.88640000000001,72.89920000000001,109.76,75.5204,60.133599999999994,87.51519999999998,85.91137142857143,-57.60440000000001
2025-12-12,11.62,16.4744,90.6312,0.0352,95.60079999999999,0.1376,48.56,4,12,0,22.281999999999996,79.88640000000001,72.89920000000001,70.19800000000001,73.9696,58.355866666666635,78.30588571428571,-10.661999999999997
2025-12-13,9.2548,12.621199999999998,87.9392,0.037200000000000004,93.18719999999999,0.0864,38.52,5,12,1,11.62,22.281999999999996,79.88640000000001,94.42360000000001,67.6512,37.929466666666634,69.93759999999999,-2.3651999999999997
2025-12-14,32.7064,59.3812,190.0156,0.9992,112.0844,5.7424,86.6,6,12,1,9.2548,11.62,22.281999999999996,98.69200000000001,71.1424,14.385599999999966,57.77062857142857,23.451600000000003
2025-12-15,149.3152,259.5332,515.1476,1.8772,135.4068,9.3636,215.88,0,12,0,32.7064,9.2548,11.62,109.76,32.106,17.860399999999967,48.34411428571428,116.6088
2025-12-16,203.4244,324.49760000000003,657.9775999999999,1.8316,137.3632,8.71,253.64,1,12,0,149.3152,32.7064,9.2548,72.89920000000001,36.5224,63.75879999999997,53.994857142857136,54.10919999999999
2025-12-17,166.518,251.7416,504.82199999999995,1.0148000000000001,138.6456,8.8688,230.92,2,12,0,203.4244,149.3152,32.7064,79.88640000000001,60.8228,128.48199999999997,72.64131428571427,-36.90639999999999
2025-12-18,186.5004,277.4128,572.9856,1.8104,153.5956,10.5172,236.92,3,12,0,166.518,203.4244,149.3152,22.281999999999996,75.5204,173.08586666666665,85.01725714285713,19.982400000000013
2025-12-19,175.5316,268.29560000000004,559.5204,1.8119999999999998,128.4244,7.638,225.88,4,12,0,186.5004,166.518,203.4244,11.62,70.19800000000001,185.4809333333333,108.47702857142858,-10.968800000000016
2025-12-20,142.1032,201.4012,434.9256,0.6652,131.3992,4.0232,196.08,5,12,1,175.5316,186.5004,166.518,9.2548,94.42360000000001,176.1833333333333,131.89297142857143,-33.42840000000001
2025-12-21,35.5364,48.6912,195.88479999999998,0.198,105.2228,0.4524,76.56,6,12,1,142.1032,175.5316,186.5004,32.7064,98.69200000000001,168.0450666666666,150.87131428571428,-106.56679999999999
2025-12-22,12.3528,31.351599999999998,164.32319999999999,0.6456000000000001,111.3452,2.7112,45.04,0,12,0,35.5364,142.1032,175.5316,149.3152,109.76,117.72373333333327,151.27559999999997,-23.1836
2025-12-23,91.2368,148.8436,438.4864,2.0092,123.6232,10.4796,169.44,1,12,0,12.3528,35.5364,142.1032,203.4244,72.89920000000001,63.330799999999954,131.70954285714285,78.884
2025-12-24,49.628,90.5208,289.32,1.0696,125.772,8.4536,135.28,2,12,0,91.2368,12.3528,35.5364,166.518,79.88640000000001,46.375333333333295,115.68274285714286,-41.6088
2025-12-25,43.654799999999994,72.252,267.86400000000003,0.7044,126.8016,6.4468,121.24,3,12,0,49.628,91.2368,12.3528,186.5004,22.281999999999996,51.0725333333333,98.9841714285714,-5.973200000000006
2025-12-26,20.75,33.077200000000005,150.9512,0.18280000000000002,103.742,1.266,69.12,4,12,0,43.654799999999994,49.628,91.2368,175.5316,11.62,61.506533333333294,78.57765714285712,-22.904799999999994
2025-12-27,60.582,101.4684,282.4336,0.88,129.2656,9.1608,144.0,5,12,1,20.75,43.654799999999994,49.628,142.1032,9.2548,38.01093333333329,56.46599999999999,39.832
2025-12-28,84.82879999999999,167.7752,330.0632,1.1088,135.7596,10.253599999999999,166.28,6,12,1,60.582,20.75,43.654799999999994,35.5364,32.7064,41.662266666666625,44.820114285714276,24.246799999999986
2025-12-29,89.304,152.36360000000002,329.2088,0.8068000000000001,136.654,8.838,168.52,0,12,0,84.82879999999999,60.582,20.75,12.3528,149.3152,55.386933333333296,51.86188571428569,4.475200000000015
2025-12-30,42.305200000000006,57.958400000000005,196.96400000000003,0.12279999999999999,113.8716,1.0888,111.96,1,12,0,89.304,84.82879999999999,60.582,91.2368,203.4244,78.23826666666663,62.854914285714266,-46.998799999999996
2025-12-31,10.0656,32.6228,122.98280000000001,0.21960000000000002,101.62360000000001,0.6088,41.64,2,12,0,42.305200000000006,89.304,84.82879999999999,49.628,166.518,72.14599999999997,55.864685714285706,-32.23960000000001
2026-01-01,15.55,78.68,129.81,0.32,106.42,0.42,58.0,3,1,0,10.0656,42.305200000000006,89.304,43.654799999999994,186.5004,47.2249333333333,50.21291428571427,5.484400000000001
2026-01-02,55.75521739130434,103.47782608695651,299.1386956521739,1.101304347826087,131.0691304347826,8.384347826086957,149.2173913043478,4,1,0,15.55,10.0656,42.305200000000006,20.75,175.5316,22.640266666666633,46.19794285714284,40.205217391304345
2026-01-03,52.67,91.81120000000001,292.0536,0.688,129.4708,7.4392,137.76,5,1,1,55.75521739130434,15.55,10.0656,60.582,142.1032,27.12360579710141,51.19868819875775,-3.08521739130434
2026-01-04,33.9644,58.568400000000004,213.826,0.428,121.448,4.4936,98.2,6,1,1,52.67,55.75521739130434,15.55,84.82879999999999,35.5364,41.32507246376807,50.06840248447204,-18.705600000000004
2026-01-05,58.7336,123.99600000000001,299.746,1.2604,135.042,12.8352,142.8,0,1,0,33.9644,52.67,55.75521739130434,89.304,12.3528,47.46320579710141,42.80205962732918,24.769200000000005
2026-01-06,56.24,132.984,261.0836,1.4140000000000001,120.75319999999999,7.2312,137.44,1,1,0,58.7336,33.9644,52.67,42.305200000000006,91.2368,48.45599999999996,38.434859627329175,-2.4936000000000007
2026-01-07,41.7976,95.0084,230.10080000000002,1.192,121.5836,5.344399999999999,115.52,2,1,0,56.24,58.7336,33.9644,10.0656,49.628,49.64599999999996,40.42554534161489,-14.4424
2026-01-08,36.2184,74.6712,253.0168,1.2628,120.8,5.509600000000001,102.76,3,1,0,41.7976,56.24,58.7336,15.55,43.654799999999994,52.25706666666664,44.95868819875775,-5.5792
2026-01-09,33.7192,68.64920000000001,239.96400000000003,1.2832,124.6208,7.1748,96.96,4,1,0,36.2184,41.7976,56.24,55.75521739130434,20.75,44.751999999999974,47.911316770186325,-2.499200000000002
2026-01-10,32.836,71.4372,213.82080000000002,1.0864,130.09120000000001,7.1084000000000005,95.24,5,1,1,33.7192,36.2184,41.7976,52.67,60.582,37.24506666666663,44.76331428571427,-0.8832000000000022
2026-01-11,33.968,71.6,214.82,1.3,130.8464,6.6556,98.16,6,1,1,32.836,33.7192,36.2184,33.9644,84.82879999999999,34.25786666666663,41.9298857142857,1.132000000000005
2026-01-12,52.3196,97.1956,274.562,1.3556,135.23680000000002,9.826,141.0,0,1,0,33.968,32.836,33.7192,58.7336,89.304,33.5077333333333,41.9304,18.351599999999998
2026-01-13,63.8228,120.044,292.63759999999996,1.5648,136.37359999999998,12.4248,155.28,1,1,0,52.3196,33.968,32.836,56.24,42.305200000000006,39.70786666666663,41.01411428571428,11.5032
2026-01-14,40.5868,80.8452,224.8928,0.5336,109.73200000000001,5.138400000000001,108.12,2,1,0,63.8228,52.3196,33.968,41.7976,10.0656,50.036799999999964,42.097371428571414,-23.236000000000004
2026-01-15,14.101199999999999,31.500799999999998,132.0724,0.09480000000000001,98.5616,0.16519999999999999,55.28,3,1,0,40.5868,63.8228,52.3196,36.2184,15.55,52.24306666666663,41.92439999999999,-26.485599999999998
2026-01-16,22.8208,53.065599999999996,135.13119999999998,0.1496,104.0808,0.3048,73.48,4,1,0,14.101199999999999,40.5868,63.8228,33.7192,55.75521739130434,39.503599999999956,38.76479999999999,8.7196
2026-01-17,22.238400000000002,68.9236,129.5668,0.1936,111.5904,0.578,86.8,5,1,1,22.8208,14.101199999999999,40.5868,32.836,52.67,25.836266666666628,37.2078857142857,-0.5823999999999963
2026-01-18,15.7476,55.5732,121.77,0.1568,108.29799999999999,0.3532,57.08,6,1,1,22.238400000000002,22.8208,14.101199999999999,33.968,33.9644,19.720133333333294,35.693942857142844,-6.490800000000002
2026-01-19,18.51,59.606,124.49719999999999,0.1436,107.0836,0.28600000000000003,64.56,0,1,0,15.7476,22.238400000000002,22.8208,52.3196,58.7336,20.268933333333297,33.09102857142856,2.7624000000000013
2026-01-20,15.735199999999999,47.501999999999995,124.0564,0.09960000000000001,105.31120000000001,0.2636,58.6,1,1,0,18.51,15.7476,22.238400000000002,63.8228,56.24,18.83199999999996,28.261085714285702,-2.7748000000000026
2026-01-21,13.798800000000002,36.4236,118.26,0.0824,100.0276,0.2788,72.36,2,1,0,15.735199999999999,18.51,15.7476,40.5868,41.7976,16.664266666666627,21.391428571428555,-1.9363999999999972
2026-01-22,10.284,28.7704,130.4848,0.2148,104.514,0.4164,77.16,3,1,0,13.798800000000002,15.735199999999999,18.51,14.101199999999999,36.2184,16.014666666666628,17.564571428571416,-3.514800000000001
2026-01-23,4.742,23.0732,135.304,0.256,106.43799999999999,0.2404,19.68,4,1,0,10.284,13.798800000000002,15.735199999999999,22.8208,33.7192,13.272666666666629,17.019257142857132,-5.542000000000001
2026-01-24,16.6968,55.787600000000005,187.59560000000002,1.1632,114.9668,4.1528,57.28,5,1,1,4.742,10.284,13.798800000000002,22.238400000000002,32.836,9.60826666666663,14.436571428571416,11.954799999999999
2026-01-25,29.8244,75.1944,276.87080000000003,1.1964,129.5224,4.2436,88.44,6,1,1,16.6968,4.742,10.284,15.7476,33.968,10.57426666666663,13.644914285714275,13.127600000000001
2026-01-26,50.766000000000005,115.06360000000001,330.8976,1.3372,139.66479999999999,6.2112,136.88,0,1,0,29.8244,16.6968,4.742,18.51,52.3196,17.087733333333297,15.655885714285702,20.941600000000005
2026-01-27,22.457199999999997,47.699600000000004,240.868,0.8208,129.50199999999998,4.4,71.88,1,1,0,50.766000000000005,29.8244,16.6968,15.735199999999999,63.8228,32.429066666666635,20.263885714285703,-28.30880000000001
2026-01-28,7.05,16.97,185.2,0.37,112.93,0.57,29.0,2,1,0,22.457199999999997,50.766000000000005,29.8244,13.798800000000002,40.5868,34.34919999999996,21.224171428571417,-15.407199999999996
2026-01-29,40.708260869565216,93.18217391304348,289.57608695652175,1.5243478260869565,133.25565217391303,7.2013043478260865,114.26086956521739,3,1,0,7.05,22.457199999999997,50.766000000000005,10.284,14.101199999999999,26.757733333333295,20.260057142857132,33.65826086956522
2026-01-30,51.864,114.1464,297.2992,1.2915999999999999,138.08280000000002,5.7984,138.36,4,1,0,40.708260869565216,7.05,22.457199999999997,4.742,22.8208,23.40515362318837,24.60638012422359,11.155739130434782
2026-01-31,52.2304,112.8808,291.0376,1.012,136.4804,7.0116,134.2,5,1,1,51.864,40.708260869565216,7.05,16.6968,22.238400000000002,33.20742028985504,31.338094409937874,0.36640000000000583
2026-02-01,18.0424,47.644,172.27439999999999,0.34600000000000003,109.8468,1.5732,62.04,6,2,1,52.2304,51.864,40.708260869565216,29.8244,15.7476,48.26755362318837,36.414322981366446,-34.188
2026-02-02,93.8932,200.4968,446.75919999999996,2.0072,149.7464,8.9972,158.92,0,2,0,18.0424,52.2304,51.864,50.766000000000005,18.51,40.712266666666636,34.73118012422359,75.85079999999999
2026-02-03,95.26520000000001,179.032,469.13559999999995,1.8976,146.484,8.387599999999999,171.64,1,2,0,93.8932,18.0424,52.2304,22.457199999999997,15.735199999999999,54.72199999999996,40.892208695652165,1.372000000000014
2026-02-04,63.38399999999999,124.3808,414.48080000000004,2.6812,128.11,7.098400000000001,143.96,2,2,0,95.26520000000001,93.8932,18.0424,7.05,13.798800000000002,69.0669333333333,51.293351552795016,-31.881200000000014
2026-02-05,70.20559999999999,139.05,382.37800000000004,2.1068000000000002,135.208,6.8208,158.32,3,2,0,63.38399999999999,95.26520000000001,93.8932,40.708260869565216,10.284,84.18079999999996,59.3410658385093,6.8215999999999966
2026-02-06,90.6352,147.7292,512.8424,1.8624,158.9192,8.6748,169.04,4,2,0,70.20559999999999,63.38399999999999,95.26520000000001,51.864,4.742,76.28493333333329,63.55497142857141,20.429600000000008
2026-02-07,48.2372,73.8132,219.024,0.1232,114.24680000000001,0.7376,132.44,5,2,1,90.6352,70.20559999999999,63.38399999999999,52.2304,16.6968,74.74159999999995,69.09371428571427,-42.397999999999996
2026-02-08,47.692,93.8792,200.2124,0.0848,97.8304,0.1572,131.08,6,2,1,48.2372,90.6352,70.20559999999999,18.0424,29.8244,69.69266666666663,68.52325714285713,-0.5452000000000012
2026-02-09,41.765600000000006,82.5064,178.42680000000001,0.0788,96.58319999999999,0.16399999999999998,116.32,0,2,0,47.692,48.2372,90.6352,93.8932,50.766000000000005,62.1881333333333,72.75891428571427,-5.926399999999994
2026-02-10,40.552400000000006,76.604,177.9144,0.11560000000000001,94.06200000000001,0.37560000000000004,113.48,1,2,0,41.765600000000006,47.692,48.2372,95.26520000000001,22.457199999999997,45.898266666666636,65.31211428571427,-1.2132000000000005
2026-02-11,82.64479999999999,156.2168,446.5784,2.4352,141.612,6.9576,156.0,2,2,0,40.552400000000006,41.765600000000006,47.692,63.38399999999999,7.05,43.33666666666664,57.49599999999999,42.092399999999984
2026-02-12,85.9468,147.386,439.3944,1.6472,155.6184,6.3124,166.68,3,2,0,82.64479999999999,40.552400000000006,41.765600000000006,70.20559999999999,40.708260869565216,54.98759999999996,60.24754285714284,3.3020000000000067
2026-02-13,39.321999999999996,70.0436,206.75119999999998,0.1648,106.66040000000001,0.3644,109.84,4,2,0,85.9468,82.64479999999999,40.552400000000006,90.6352,51.864,69.71466666666662,62.4962857142857,-46.6248
2026-02-14,20.9588,44.84479999999999,127.8228,0.0708,89.2928,0.1348,69.6,5,2,1,39.321999999999996,85.9468,82.64479999999999,48.2372,52.2304,69.30453333333328,55.165828571428555,-18.363199999999996
2026-02-15,21.7,53.12,127.39,0.06,88.57,0.09,71.0,6,2,1,20.9588,39.321999999999996,85.9468,47.692,18.0424,48.74253333333329,51.268914285714274,0.7411999999999992
2026-02-16,17.27521739130435,26.229565217391304,129.66695652173914,0.05130434782608696,91.87,0.10869565217391304,61.91304347826087,0,2,0,21.7,20.9588,39.321999999999996,41.765600000000006,93.8932,27.32693333333329,47.55577142857141,-4.424782608695651
2026-02-17,21.392,34.0604,142.4352,0.23199999999999998,87.24,0.7612000000000001,70.56,1,2,0,17.27521739130435,21.7,20.9588,40.552400000000006,95.26520000000001,19.978005797101414,44.05714534161489,4.116782608695651
2026-02-18,32.11,60.94,258.86,2.75,89.15,8.73,93.0,2,2,0,21.392,17.27521739130435,21.7,82.64479999999999,63.38399999999999,20.12240579710141,41.31994534161489,10.718
2026-02-19,56.7095652173913,109.30521739130435,357.0421739130434,2.574782608695652,142.5882608695652,7.913043478260869,138.56521739130434,3,2,0,32.11,21.392,17.27521739130435,85.9468,70.20559999999999,23.59240579710141,34.10068819875775,24.5995652173913
2026-02-20,62.4504,125.5516,379.69559999999996,2.8407999999999998,144.0776,7.7328,152.4,4,2,0,56.7095652173913,32.11,21.392,39.321999999999996,90.6352,36.73718840579706,29.923940372670792,5.740834782608701
2026-02-21,58.2148,120.8276,326.1092,1.2424,147.7832,5.284,162.28,5,2,1,62.4504,56.7095652173913,32.11,20.9588,48.2372,50.423321739130394,33.22799751552794,-4.235600000000005
2026-02-22,52.82,94.29,259.94,0.31,140.38,3.25,144.0,6,2,1,58.2148,62.4504,56.7095652173913,21.7,47.692,59.1249217391304,38.55028322981365,-5.3947999999999965
2026-02-23,38.94913043478261,64.26739130434783,195.4513043478261,0.08565217391304347,113.05478260869566,0.8539130434782609,109.43478260869566,0,2,0,52.82,58.2148,62.4504,17.27521739130435,41.765600000000006,57.82839999999996,42.99599751552794,-13.87086956521739
2026-02-24,33.792,86.7536,163.60399999999998,0.0712,95.3564,0.406,96.88,1,2,0,38.94913043478261,52.82,58.2148,21.392,40.552400000000006,49.99464347826083,46.0922708074534,-5.157130434782609
2026-02-25,31.7672,80.52600000000001,145.414,0.0632,93.3064,0.3272,92.36,2,2,0,33.792,38.94913043478261,52.82,32.11,82.64479999999999,41.8537101449275,47.863699378881975,-2.0248000000000026
2026-02-26,29.321199999999997,74.9572,133.2136,0.0668,95.934,0.4704,87.24,3,2,0,31.7672,33.792,38.94913043478261,56.7095652173913,85.9468,34.836110144927495,47.81472795031055,-2.4460000000000015
2026-02-27,34.9784,134.6576,129.0952,0.1008,103.2552,0.8295999999999999,100.48,4,2,0,29.321199999999997,31.7672,33.792,62.4504,39.321999999999996,31.62679999999996,43.902104347826075,5.657200000000003
2026-02-28,36.9204,148.5916,128.6792,0.08280000000000001,89.90799999999999,0.5104,104.64,5,2,1,34.9784,29.321199999999997,31.7672,58.2148,20.9588,32.02226666666663,39.97753291925465,1.9420000000000002
2026-03-01,44.69,160.3,138.01,0.09,97.2,0.6,124.0,6,3,1,36.9204,34.9784,29.321199999999997,52.82,21.7,33.73999999999996,36.9354757763975,7.769599999999997
2026-03-02,23.114782608695652,56.17695652173913,149.10434782608695,0.07521739130434782,120.48478260869565,0.2760869565217391,74.17391304347827,0,3,0,44.69,36.9204,34.9784,38.94913043478261,17.27521739130435,38.862933333333295,35.77404720496894,-21.575217391304346
2026-03-03,22.1668,55.4388,136.3824,0.06280000000000001,103.5388,0.2108,72.12,1,3,0,23.114782608695652,44.69,36.9204,33.792,21.392,34.90839420289851,33.51199751552794,-0.9479826086956535
2026-03-04,24.45,54.16,129.55,0.06,98.42,0.21,77.0,2,3,0,22.1668,23.114782608695652,44.69,31.7672,32.11,29.99052753623185,31.851254658385077,2.283200000000001
2026-03-05,24.510434782608694,52.03695652173913,115.46782608695653,0.0591304347826087,80.80826086956522,0.2343478260869565,77.08695652173913,3,3,0,24.45,22.1668,23.114782608695652,29.321199999999997,56.7095652173913,23.24386086956518,30.805940372670793,0.06043478260869506
2026-03-06,35.6504,101.48280000000001,115.45200000000001,0.1024,79.812,0.5068,101.72,4,3,0,24.510434782608694,24.45,22.1668,34.9784,62.4504,23.70907826086953,30.118688198757752,11.139965217391303
2026-03-07,23.1352,67.45439999999999,131.1032,0.1268,101.508,0.5028,74.2,5,3,1,35.6504,24.510434782608694,24.45,36.9204,58.2148,28.203611594202858,30.21468819875775,-12.515199999999997
2026-03-08,20.18,44.11559999999999,146.50639999999999,0.1,107.64399999999999,0.3968,67.92,6,3,1,23.1352,35.6504,24.510434782608694,44.69,52.82,27.76534492753619,28.245373913043466,-2.9552000000000014
2026-03-09,19.93,44.83,139.4024,0.0788,97.9356,0.2464,67.52,0,3,0,20.18,23.1352,35.6504,23.114782608695652,38.94913043478261,26.321866666666626,24.743945341614896,-0.25
2026-03-10,25.0192,64.4512,119.5416,0.0788,82.3344,0.2568,78.16,1,3,0,19.93,20.18,23.1352,22.1668,33.792,21.081733333333293,24.288976397515516,5.089200000000002
2026-03-11,43.976800000000004,136.9136,125.2304,0.1124,77.3532,0.3104,110.56,2,3,0,25.0192,19.93,20.18,24.45,31.7672,21.709733333333293,24.69646211180123,18.957600000000003
2026-03-12,53.0876,140.4932,131.1632,0.2584,83.84479999999999,0.30879999999999996,139.44,3,3,0,43.976800000000004,25.0192,19.93,24.510434782608694,29.321199999999997,29.641999999999964,27.486004968944087,9.110799999999998
2026-03-13,57.5524,175.5412,126.742,0.2016,89.9568,0.3104,161.84,4,3,0,53.0876,43.976800000000004,25.0192,35.6504,34.9784,40.694533333333304,31.568457142857135,4.464799999999997
2026-03-14,38.3996,102.0584,122.544,0.1004,84.8284,0.3736,125.2,5,3,1,57.5524,53.0876,43.976800000000004,23.1352,36.9204,51.5389333333333,34.69731428571428,-19.1528
2026-03-15,26.018,70.83279999999999,127.82959999999999,0.1856,93.9792,0.3848,80.84,6,3,1,38.3996,57.5524,53.0876,20.18,44.69,49.67986666666663,36.87794285714285,-12.381599999999999
2026-03-16,24.246,77.1208,123.7068,0.1076,86.2044,0.36719999999999997,76.52,0,3,0,26.018,38.3996,57.5524,19.93,23.114782608695652,40.65666666666663,37.711942857142844,-1.772000000000002
2026-03-17,30.5656,86.6284,117.69239999999999,0.0912,70.74600000000001,0.38280000000000003,89.76,1,3,0,24.246,26.018,38.3996,25.0192,22.1668,29.554533333333296,38.32851428571428,6.319600000000001
2026-03-18,35.9112,95.4716,122.3356,0.0876,70.234,0.326,101.96,2,3,0,30.5656,24.246,26.018,43.976800000000004,24.45,26.943199999999962,39.120857142857126,5.345600000000001
2026-03-19,25.334,49.654799999999994,127.6392,0.23199999999999998,82.764,0.442,79.04,3,3,0,35.9112,30.5656,24.246,53.0876,24.510434782608694,30.2409333333333,37.96862857142856,-10.577200000000001
2026-03-20,18.2764,34.1544,122.3716,0.0828,75.3784,0.1364,64.04,4,3,0,25.334,35.9112,30.5656,57.5524,35.6504,30.60359999999996,34.003828571428556,-7.057600000000001
2026-03-21,26.483600000000003,69.896,111.1056,0.062,63.668800000000005,0.134,81.32,5,3,1,18.2764,25.334,35.9112,38.3996,23.1352,26.507199999999965,28.392971428571418,8.207200000000004
2026-03-22,20.7692,43.70439999999999,108.1784,0.054400000000000004,62.2184,0.0832,69.2,6,3,1,26.483600000000003,18.2764,25.334,26.018,20.18,23.364666666666626,26.690685714285703,-5.714400000000001
2026-03-23,11.7408,18.82,108.086,0.0568,54.541599999999995,0.09480000000000001,47.04,0,3,0,20.7692,26.483600000000003,18.2764,24.246,19.93,21.84306666666663,25.940857142857134,-9.028400000000001
2026-03-24,12.404000000000002,24.6164,108.0424,0.07680000000000001,49.0916,0.1456,86.12,1,3,0,11.7408,20.7692,26.483600000000003,30.5656,25.0192,19.664533333333296,24.15439999999999,0.6632000000000016
2026-03-25,25.6276,64.7024,107.8532,0.0684,53.8792,0.1072,79.52,2,3,0,12.404000000000002,11.7408,20.7692,35.9112,43.976800000000004,14.971333333333297,21.559885714285706,13.2236
2026-03-26,15.444,33.0244,104.044,0.05,56.4184,0.07400000000000001,56.68,3,3,0,25.6276,12.404000000000002,11.7408,25.334,53.0876,16.590799999999962,20.09079999999999,-10.1836
2026-03-27,4.7676,11.474,96.14200000000001,0.042800000000000005,42.918,0.114,19.96,4,3,0,15.444,25.6276,12.404000000000002,18.2764,57.5524,17.825199999999963,18.677942857142845,-10.676400000000001
2026-03-28,5.184,15.0948,103.6216,0.1264,41.5428,0.24,21.56,5,3,1,4.7676,15.444,25.6276,26.483600000000003,38.3996,15.279733333333295,16.748114285714276,0.4164000000000003
2026-03-29,6.007999999999999,18.378,119.1024,0.2188,83.6548,0.33399999999999996,25.0,6,3,1,5.184,4.7676,15.444,20.7692,26.018,8.465199999999962,13.705314285714275,0.823999999999999
2026-03-30,9.8804,33.3772,120.6436,0.21760000000000002,125.5556,0.7659999999999999,41.2,0,3,0,6.007999999999999,5.184,4.7676,11.7408,24.246,5.319866666666627,11.596571428571417,3.8724000000000007
2026-03-31,9.1004,27.1704,117.32600000000001,0.1736,117.1656,0.5904,38.0,1,3,0,9.8804,6.007999999999999,5.184,12.404000000000002,30.5656,7.024133333333293,11.330799999999986,-0.7799999999999994
2026-04-01,11.349200000000002,32.8708,117.2408,0.1076,106.0008,0.27399999999999997,46.56,2,4,0,9.1004,9.8804,6.007999999999999,25.6276,35.9112,8.329599999999962,10.858857142857131,2.248800000000001
2026-04-02,7.123200000000001,14.1572,122.69879999999999,0.0928,69.7736,0.16519999999999999,29.68,3,4,0,11.349200000000002,9.1004,9.8804,15.444,25.334,10.109999999999962,8.819085714285702,-4.226000000000001
2026-04-03,4.978,11.637599999999999,133.0428,0.21600000000000003,106.01520000000001,0.2416,20.8,4,4,0,7.123200000000001,11.349200000000002,9.1004,4.7676,18.2764,9.190933333333296,7.630399999999987,-2.145200000000001
2026-04-04,6.1108,19.594,130.1228,0.19400000000000003,128.8424,0.2756,25.52,5,4,1,4.978,7.123200000000001,11.349200000000002,5.184,26.483600000000003,7.8167999999999624,7.6604571428571315,1.1328000000000005
2026-04-05,19.074,60.4684,125.1444,0.07600000000000001,108.3224,0.2284,65.48,6,4,1,6.1108,4.978,7.123200000000001,6.007999999999999,20.7692,6.070666666666629,7.79285714285713,12.9632
2026-04-06,24.41,83.33,124.71,0.06,89.18,0.32,77.0,0,4,0,19.074,6.1108,4.978,9.8804,11.7408,10.05426666666663,9.659428571428561,5.3359999999999985
2026-04-07,20.152173913043477,71.86304347826086,125.00434782608696,0.15565217391304348,83.73739130434782,0.7026086956521739,68.0,1,4,0,24.41,19.074,6.1108,9.1004,12.404000000000002,16.531599999999965,11.735085714285702,-4.257826086956523
2026-04-08,26.8884,80.622,135.8216,0.16240000000000002,143.82319999999999,0.8188,82.12,2,4,0,20.152173913043477,24.41,19.074,11.349200000000002,25.6276,21.212057971014456,13.3139105590062,6.736226086956524
2026-04-09,24.5292,74.4292,132.304,0.0784,120.59,0.44920000000000004,77.2,3,4,0,26.8884,20.152173913043477,24.41,7.123200000000001,15.444,23.816857971014457,15.533796273291914,-2.3592000000000013
2026-04-10,22.605999999999998,66.0952,131.13,0.06480000000000001,96.44879999999999,0.2916,73.04,4,4,0,24.5292,26.8884,20.152173913043477,4.978,4.7676,23.856591304347788,18.020367701863343,-1.9232000000000014
2026-04-11,26.2756,73.2324,137.3784,0.09960000000000001,100.3804,0.29600000000000004,80.76,5,4,1,22.605999999999998,24.5292,26.8884,6.1108,5.184,24.67453333333329,20.538653416149057,3.6696000000000026
2026-04-12,41.086000000000006,121.3528,135.32,0.1396,88.104,0.23559999999999998,115.12,6,4,1,26.2756,22.605999999999998,24.5292,19.074,6.007999999999999,24.470266666666628,23.419339130434768,14.810400000000005
2026-04-13,20.608400000000003,57.7444,118.9076,0.1452,74.7564,0.318,86.76,0,4,0,41.086000000000006,26.2756,22.605999999999998,24.41,9.8804,29.989199999999965,26.5639105590062,-20.477600000000002
2026-04-14,22.737199999999998,69.44279999999999,124.13879999999999,0.1736,106.09479999999999,0.5804,73.2,1,4,0,20.608400000000003,41.086000000000006,26.2756,20.152173913043477,9.1004,29.3233333333333,26.020824844720487,2.1287999999999947
2026-04-15,20.248,61.142399999999995,123.2104,0.15560000000000002,112.9016,0.51,68.12,2,4,0,22.737199999999998,20.608400000000003,41.086000000000006,26.8884,11.349200000000002,28.143866666666636,26.390114285714272,-2.4891999999999967
2026-04-16,28.332399999999996,86.322,115.1592,0.1044,83.4656,0.26239999999999997,101.16,3,4,0,20.248,22.737199999999998,20.608400000000003,24.5292,7.123200000000001,21.19786666666663,25.441485714285704,8.084399999999995
2026-04-17,45.5316,129.1572,111.6628,0.07600000000000001,79.458,0.2016,120.16,4,4,0,28.332399999999996,20.248,22.737199999999998,22.605999999999998,4.978,23.772533333333296,25.984799999999986,17.1992
2026-04-18,40.3944,128.0468,116.8284,0.0724,94.596,0.20240000000000002,112.88,5,4,1,45.5316,28.332399999999996,20.248,26.2756,6.1108,31.370666666666626,29.2598857142857,-5.1372
2026-04-19,31.6492,87.86840000000001,121.0616,0.0888,105.8584,0.46880000000000005,92.16,6,4,1,40.3944,45.5316,28.332399999999996,41.086000000000006,19.074,38.086133333333294,31.276857142857132,-8.745199999999997
2026-04-20,32.4208,95.3336,112.8032,0.0696,84.6904,0.3796,109.8,0,4,0,31.6492,40.3944,45.5316,20.608400000000003,24.41,39.191733333333296,29.928742857142847,0.7715999999999994
2026-04-21,26.948400000000003,90.09440000000001,103.72120000000001,0.0616,59.94,0.2796,82.24,1,4,0,32.4208,31.6492,40.3944,22.737199999999998,20.152173913043477,34.82146666666663,31.616228571428557,-5.472399999999997
2026-04-22,28.258000000000003,96.6512,100.274,0.0736,52.082,0.278,84.96,2,4,0,26.948400000000003,32.4208,31.6492,20.248,26.8884,30.339466666666628,32.21782857142856,1.3095999999999997
2026-04-23,33.0404,83.084,105.4608,0.08560000000000001,51.5728,0.3156,95.16,3,4,0,28.258000000000003,26.948400000000003,32.4208,28.332399999999996,24.5292,29.20906666666663,33.36211428571427,4.7823999999999955
2026-04-24,33.5552,71.72399999999999,106.406,0.0932,48.3192,0.27440000000000003,96.08,4,4,0,33.0404,28.258000000000003,26.948400000000003,45.5316,22.605999999999998,29.415599999999966,34.03468571428571,0.514800000000001
2026-04-25,36.0632,96.0976,105.55040000000001,0.10880000000000001,52.0036,0.3464,118.2,5,4,1,33.5552,33.0404,28.258000000000003,40.3944,26.2756,31.61786666666663,32.32377142857142,2.5080000000000027
2026-04-26,36.7196,99.9608,107.6468,0.11040000000000001,64.9448,0.33480000000000004,103.88,6,4,1,36.0632,33.5552,33.0404,31.6492,41.086000000000006,34.219599999999964,31.70502857142856,0.6563999999999979
2026-04-27,32.1468,85.432,108.696,0.10880000000000001,74.4332,0.442,93.52,0,4,0,36.7196,36.0632,33.5552,32.4208,20.608400000000003,35.44599999999996,32.42937142857142,-4.572800000000001
2026-04-28,32.492,84.4576,116.3692,0.1092,78.74119999999999,0.5664,93.96,1,4,0,32.1468,36.7196,36.0632,26.948400000000003,22.737199999999998,34.97653333333329,32.39022857142856,0.3451999999999984
2026-04-29,34.0004,82.1764,120.8036,0.10880000000000001,83.84440000000001,0.6028,97.4,2,4,0,32.492,32.1468,36.7196,28.258000000000003,20.248,33.7861333333333,33.182171428571415,1.5084000000000017
2026-04-30,36.4424,97.198,110.956,0.1084,72.5972,0.5088,103.24,3,4,0,34.0004,32.492,32.1468,33.0404,28.332399999999996,32.8797333333333,34.00251428571427,2.442
2026-05-01,40.2808,108.348,107.52879999999999,0.11280000000000001,81.0848,0.7264,112.8,4,5,0,36.4424,34.0004,32.492,33.5552,45.5316,34.31159999999996,34.488514285714274,3.8384
2026-05-02,38.3736,99.292,115.22040000000001,0.1348,95.45280000000001,1.176,108.08,5,5,1,40.2808,36.4424,34.0004,36.0632,40.3944,36.90786666666663,35.44931428571427,-1.907199999999996
2026-05-03,35.3644,92.57959999999999,122.5176,0.12960000000000002,102.13879999999999,1.0444,116.72,6,5,1,38.3736,40.2808,36.4424,36.7196,31.6492,38.365599999999965,35.779371428571416,-3.0092
2026-05-04,32.8928,101.7092,123.11,0.1504,103.58239999999999,0.46399999999999997,94.84,0,5,0,35.3644,38.3736,40.2808,32.1468,32.4208,38.00626666666663,35.58577142857142,-2.4716000000000022
2026-05-05,23.962,87.16799999999999,118.086,0.07719999999999999,64.4212,0.39039999999999997,76.0,1,5,0,32.8928,35.3644,38.3736,32.492,26.948400000000003,35.54359999999996,35.69234285714284,-8.930800000000001
2026-05-06,17.7012,78.6212,107.1416,0.0668,50.940799999999996,0.2732,62.88,2,5,0,23.962,32.8928,35.3644,34.0004,28.258000000000003,30.739733333333294,34.47377142857142,-6.2608
2026-05-07,14.54,57.2496,96.40639999999999,0.0728,49.0168,0.31920000000000004,56.24,3,5,0,17.7012,23.962,32.8928,36.4424,33.0404,24.85199999999996,32.14531428571427,-3.161200000000001
2026-05-08,14.746400000000001,58.8724,95.15880000000001,0.08120000000000001,50.76,0.344,56.44,4,5,0,14.54,17.7012,23.962,40.2808,33.5552,18.73439999999996,29.016399999999987,0.20640000000000214
2026-05-09,14.8836,58.418,94.01520000000001,0.0632,58.476400000000005,0.282,56.8,5,5,1,14.746400000000001,14.54,17.7012,38.3736,36.0632,15.662533333333295,25.36862857142856,0.1371999999999982
2026-05-10,14.9828,61.91,91.5748,0.0608,61.559200000000004,0.3028,57.16,6,5,1,14.8836,14.746400000000001,14.54,35.3644,36.7196,14.723333333333295,22.012914285714277,0.09919999999999973
2026-05-11,15.05,64.07,90.7,0.07,60.34,0.32,57.0,0,5,0,14.9828,14.8836,14.746400000000001,32.8928,32.1468,14.870933333333296,19.10125714285713,0.06720000000000148
2026-05-12,26.381304347826084,93.41478260869565,96.4391304347826,0.09,75.57913043478261,0.4708695652173913,81.6086956521739,1,5,0,15.05,14.9828,14.8836,23.962,32.492,14.972133333333295,16.552285714285706,11.331304347826084
2026-05-13,22.4008,65.6352,102.23559999999999,0.0932,78.1996,0.5424,72.8,2,5,0,26.381304347826084,15.05,14.9828,17.7012,34.0004,18.804701449275324,16.897900621118,-3.980504347826084
2026-05-14,7.8267999999999995,39.532,76.3872,0.0684,40.216,0.34240000000000004,32.68,3,5,0,22.4008,26.381304347826084,15.05,14.54,36.4424,21.277368115941993,17.569272049689427,-14.574000000000002
2026-05-15,7.9028,42.3204,76.3656,0.0604,38.2268,0.3004,32.8,4,5,0,7.8267999999999995,22.4008,26.381304347826084,14.746400000000001,40.2808,18.86963478260866,16.61024347826086,0.07600000000000051
2026-05-16,8.770800000000001,46.3492,80.584,0.0484,45.972,0.22519999999999998,36.52,5,5,1,7.9028,7.8267999999999995,22.4008,14.8836,38.3736,12.710133333333296,15.632586335403715,0.8680000000000012
2026-05-17,10.5456,53.658,83.6656,0.047599999999999996,44.927600000000005,0.18280000000000002,43.92,6,5,1,8.770800000000001,7.9028,7.8267999999999995,14.9828,35.3644,8.166799999999961,14.759329192546572,1.774799999999999
2026-05-18,9.314400000000001,54.8424,82.9232,0.0484,49.203199999999995,0.23600000000000002,38.72,0,5,0,10.5456,8.770800000000001,7.9028,15.05,32.8928,9.073066666666628,14.125443478260859,-1.2311999999999994
2026-05-19,10.25,56.78,85.44,0.06,54.71,0.33,43.0,1,5,0,9.314400000000001,10.5456,8.770800000000001,26.381304347826084,23.962,9.543599999999964,13.30607204968943,0.9355999999999991
2026-05-20,19.03304347826087,105.12565217391304,87.7195652173913,0.06434782608695652,51.17869565217392,0.3373913043478261,65.52173913043478,2,5,0,10.25,9.314400000000001,10.5456,22.4008,17.7012,10.036666666666628,11.001599999999987,8.783043478260868
2026-05-21,15.745999999999999,87.5024,87.5828,0.0584,50.8904,0.3124,58.68,3,5,0,19.03304347826087,10.25,9.314400000000001,7.8267999999999995,14.54,12.865814492753586,10.520491925465828,-3.2870434782608697
2026-05-22,17.3476,104.3776,85.12639999999999,0.05,48.714400000000005,0.2284,62.12,4,5,0,15.745999999999999,19.03304347826087,10.25,7.9028,14.746400000000001,15.009681159420252,11.651806211180112,1.6016000000000012
2026-05-23,15.8376,94.0684,86.18440000000001,0.0512,49.5896,0.2032,58.12,5,5,1,17.3476,15.745999999999999,19.03304347826087,8.770800000000001,14.8836,17.37554782608692,13.001063354037255,-1.5099999999999998
2026-05-24,8.4156,43.09,85.512,0.0536,42.744,0.2384,35.12,6,5,1,15.8376,17.3476,15.745999999999999,10.5456,14.9828,16.310399999999962,14.010606211180113,-7.422000000000001
2026-05-25,15.749600000000001,62.306000000000004,83.3116,0.0684,39.5208,0.3556,58.6,0,5,0,8.4156,15.8376,17.3476,9.314400000000001,15.05,13.866933333333295,13.706320496894396,7.334000000000001
2026-05-26,14.378,65.848,79.848,0.0876,36.0664,0.4012,55.76,1,5,0,15.749600000000001,8.4156,15.8376,10.25,26.381304347826084,13.334266666666629,14.625634782608683,-1.3716000000000008
2026-05-27,10.774285714285714,55.81642857142857,76.50357142857142,0.08,34.56928571428572,0.36642857142857144,44.92857142857143,2,5,0,14.378,15.749600000000001,8.4156,19.03304347826087,22.4008,12.847733333333295,15.215349068322968,-3.603714285714286
